"batter","total_pa","total_ab","xobp","xba","xslg","k_percentage","bb_percentage","homeruns","xhomeruns","x1b","x2b","x3b","obp","ba","slg","ops","xops","woba","xwoba","xba_plus","xobp_plus","xslg_plus","xops_plus","k_percentage_plus","bb_percentage_plus","woba_plus","xwoba_plus","hard_hit_percentage","avg_exitspeed","avg_angle","p_2025_a_plus","p_2025_aa","p_2026_a_plus","p_2026_aa","p_2026_aaa","p_2026_mlb","p_2027_a_plus","p_2027_aa","p_2027_aaa","p_2027_mlb","p_2025_other","p_2026_other","p_2027_other"
"Matthew Warkentin",271,256,0.357648625968039,0.327823350145854,0.663151362034798,0.210332103321033,0.0479704797047971,14,21.0126108910529,42.7473904187799,17.5194142846006,2.64336204290515,0.317343173431734,0.28515625,0.5390625,0.856405673431734,1.02079998800284,0.358862131083962,0.419264689744734,135.430096042544,123.183476532871,170.436792273408,150.244143625925,95.7973380872259,71.444269224863,121.074642161095,143.217055754257,0.452914798206278,89.9752290977002,17.7665926838579,0.319967015067228,0.661565434240904,0.276231951283418,0.267993408234205,0.088991743753829,0.34943648147677,0.00166443198037517,0.570988789167656,0.0669920411282257,0.207938996878065,0.0184675506918676,0.0173464152517776,0.152415740845678
"Tyreque Reed",144,132,0.356183675445844,0.312806433819709,0.59434334048038,0.166666666666667,0.0694444444444444,7,8.29320587067367,22.1453777078388,9.4204773041907,1.43138838149845,0.361111111111111,0.318181818181818,0.560606060606061,0.921717171717172,0.950527015926225,0.391733730220943,0.397685540872051,129.226320687897,122.678909521649,152.752415601949,139.901174744866,75.9095866129773,103.426265811634,132.165021329138,135.84581213937,0.490384615384615,90.2692339544252,20.4098403790985,0.263508688702213,0.728217838337761,0.241593568933121,0.226029207613814,0.211385631173077,0.311565063269275,0.00173643016471135,0.472652028988075,0.1062721849108,0.321279044586274,0.0082734729600267,0.0094265290107133,0.0980603113501393
"Isaac Bellony",148,138,0.347082016860852,0.307015496343523,0.585958505551367,0.263513513513513,0.0608108108108108,5,9.3280718793428,23.694000700902,8.18221219766858,1.16385371749275,0.358108108108108,0.318840579710145,0.456521739130435,0.814629847238543,0.933040522412219,0.361890753951047,0.391062524273866,126.833973656401,119.544061893813,150.59742588036,137.327464641114,120.019211266464,90.5678651972146,122.096453598166,133.583449100925,0.396396396396396,87.8848492234712,16.6752240443644,0.437353651332176,0.52183287261018,0.348315251427354,0.414087313057038,0.0908083656601032,0.122105452915431,0.011722169084381,0.453840792652888,0.0571789174469562,0.242627710385066,0.0408134760576437,0.0246836169400734,0.234630410430709
"Joe Deluca",237,203,0.366130391547767,0.269817255156753,0.53836665662903,0.223628691983122,0.135021097046413,11,13.3170644005363,28.5191185430476,11.3091044092106,1.62761544402633,0.354430379746835,0.25615763546798,0.487684729064039,0.842115108810875,0.904497048176797,0.370746857796517,0.390553106255794,111.466668751804,126.104816908274,138.365826078174,133.126357771002,101.853369379438,201.092081375531,125.084368764341,133.409436477203,0.43046357615894,90.218524983075,21.0134294669185,0.386356335889283,0.58669340244251,0.326122536817044,0.364172339991341,0.112425322070411,0.17715685161578,0.00627459261586453,0.479542788907688,0.0671985133183393,0.259633962561988,0.0269502616682068,0.0201229495054248,0.18735014259612
"Aj Wright",201,165,0.398195807865573,0.279014287157455,0.441548998270875,0.17910447761194,0.169154228855721,8,4.73247433477331,29.9435759276995,10.1018099076204,1.25949721088699,0.402985074626866,0.284848484848485,0.490909090909091,0.893894165535957,0.839744806136448,0.402724731225627,0.38716863205444,115.266138577877,137.148979171753,113.482681639845,123.595945087274,81.5744811363338,251.927859409831,135.873218428717,132.253330460526,0.345588235294118,86.7866239165695,21.4708339454031,0.354435628350706,0.630047218290682,0.291852464921992,0.329154540882852,0.241823243649992,0.12527356246317,0.0093258287279326,0.373676589897206,0.0964203476638052,0.388822555796601,0.0155171533586118,0.0118961880819942,0.131754677914455
"Andrew Czech",235,202,0.360650914409434,0.256202796466421,0.513414797333433,0.259574468085106,0.140425531914894,13,12.5539567807461,26.5036832388652,11.0956959003135,1.59962896629233,0.370212765957447,0.267326732673267,0.51980198019802,0.890014746155467,0.874065711742867,0.390264614935085,0.382143503157196,105.842275470549,124.217542655073,131.952938910831,128.647390161633,118.225143405743,209.141112824206,131.669364105592,130.536791522112,0.426666666666667,89.7534429070231,23.5709216332178,0.324152946526602,0.661636355634649,0.288244200589522,0.298833331120791,0.187601302435499,0.21215742452526,0.00409797082597904,0.452135038134717,0.0918444627091044,0.320396826776844,0.0142106978387494,0.0131637413289291,0.131525701553355
"Kyle Fitzgerald",154,132,0.373637203022959,0.299546433829815,0.498306300082158,0.155844155844156,0.116883116883117,5,5.40507627783682,25.1388559821615,7.97132049927579,1.02487650626151,0.344155844155844,0.265151515151515,0.46969696969697,0.813852813852814,0.871943503105117,0.35568537620558,0.3819399744341,123.74836107533,128.690357766115,128.069898092401,128.335037670331,70.9803926770696,174.078494145296,120.002853229307,130.467267936662,0.315315315315315,86.9638963113336,18.0290162281943,0.420917540086061,0.540557996262346,0.340480629536455,0.396564779763674,0.0800400812237271,0.157851830552077,0.00766071505190172,0.488978569439389,0.0544430050649353,0.223726584860305,0.0385244636515931,0.0250626789240669,0.225191125583468
"Brendon Dadson",164,144,0.37051325411534,0.30391787274247,0.495307089706051,0.146341463414634,0.103658536585366,2,4.99228354372956,27.5103301492409,9.93992335232364,1.32163662962165,0.390243902439024,0.326388888888889,0.472222222222222,0.862466124661247,0.865820343821391,0.386846033134687,0.379914142879962,125.55428610026,127.614388619274,127.299069854503,127.433814283105,66.6523199528581,154.382621162732,130.51598643676,129.775262056524,0.45045045045045,89.970396947303,14.5444401144846,0.393554205907022,0.5830645593602,0.320622302850541,0.374455824343649,0.172858744588435,0.116097367526829,0.0119406998438709,0.399602214448977,0.0799747505967339,0.338914985050452,0.023381234732778,0.0159657606905448,0.169567350059966
"Caleb Mcneely",233,211,0.331548339158227,0.276069966937758,0.530607514098691,0.270386266094421,0.0815450643776824,14,12.327056988451,31.0762475810044,12.9686654232192,1.87879303119235,0.334763948497854,0.279620853080569,0.545023696682464,0.879787645180318,0.862155853256919,0.371107637820205,0.365249764314386,114.049783580724,114.19385981329,136.371645805958,126.894464505327,123.149458110324,121.448181656923,125.206090474389,124.766041929005,0.415730337078652,87.0104288354802,22.8552803951407,0.3018735850304,0.684058260985124,0.26962173975469,0.259095317829963,0.125955560305421,0.331028275926886,0.00181159093412248,0.535983754058377,0.0808847013657069,0.248404042638798,0.0140681539844761,0.0142991061830392,0.132915911002996
"Christian Fedko",217,181,0.380990180729224,0.274446791261003,0.385044416220595,0.0875576036866359,0.152073732718894,4,2.42701474277621,35.62181685032,10.5149493609333,1.11108826421203,0.410138248847926,0.30939226519337,0.464088397790055,0.874226646637982,0.766034596949819,0.398831955889723,0.361128237976405,113.379218663066,131.22291427818,98.9604167924208,112.747074215518,39.8787690040526,226.489223565385,134.559855050462,123.358165516377,0.155,83.8457532232457,26.8422109035512,0.396294464414689,0.582379542545386,0.308587144101713,0.372663206398711,0.213615580990728,0.0914954892921129,0.0162096550755555,0.355136113376673,0.0859756851310751,0.387458964071773,0.0213259930399256,0.0136385792167351,0.155219582344923
"Hank Zeisler",184,159,0.355523336879997,0.26047983638943,0.447971080686183,0.217391304347826,0.130434782608696,5,6.38089564365139,25.4428657079507,8.51664435640523,1.07588827791214,0.369565217391304,0.276729559748428,0.490566037735849,0.860131255127153,0.80349441756618,0.380154552277288,0.361040816919575,107.609202467339,122.451471767597,115.133223566234,118.260513415197,99.0125042777964,194.261507959243,128.258382247959,123.328303267835,0.34375,88.4417542974111,19.9893456602429,0.373530310320113,0.604330694273287,0.318128196640385,0.353889950598093,0.147354315947033,0.163557679804793,0.00698392966240523,0.449135311257237,0.0771146082055737,0.298993696340216,0.0221389954066006,0.0170698570096954,0.167772454534568
"L-p Pelletier",122,108,0.336766251910775,0.269310025306617,0.483564818044659,0.180327868852459,0.0983606557377049,2,5.2061384642436,17.1685968695208,5.90039257572262,0.810354823627586,0.39344262295082,0.333333333333333,0.472222222222222,0.865664845173042,0.820331069955435,0.388907318470913,0.355871581322268,111.257122399206,115.991044498019,124.281183998354,120.738578118842,82.1316838763361,146.492284690577,131.211432857149,121.562538773818,0.376623376623377,87.3878362027947,17.287815383664,0.392217367509844,0.58508626064082,0.318649701929871,0.371397586906002,0.181999392274499,0.112464772410105,0.0124036597799386,0.392290560587288,0.082100981550082,0.346702604693388,0.022696371849336,0.0154885464795233,0.166502193389303
"Tommy Seidl",131,119,0.324536240285864,0.273228970398725,0.507478646784346,0.297709923664122,0.0763358778625954,6,6.17789384518522,18.0328515711313,7.26497416793011,1.03852789320155,0.267175572519084,0.210084033613445,0.411764705882353,0.678940278401437,0.83201488707021,0.292714530083815,0.354118789258045,112.876113572267,111.778710825783,130.427286524423,122.458234385811,135.594223415547,113.68994104485,98.7574444765227,120.96380073332,0.43010752688172,89.70766330294,22.2598889289399,0.504065803097063,0.330391383812828,0.349102905737548,0.452625663343945,0.0113558325322513,0.12046410685485,0.00753002080129189,0.487029506499148,0.0156558642292621,0.0714171571323679,0.165542813090109,0.0664514915314054,0.41836745133793
"John Cristino",241,225,0.314991051631045,0.266279304191475,0.516737911572212,0.336099585062241,0.0663900414937759,14,13.5474015307948,32.3988926722809,12.2221164117309,1.74443282827525,0.340248962655602,0.293333333333333,0.56,0.900248962655602,0.831728963203258,0.380691042227624,0.352846357703519,110.005073539601,108.491099921421,132.807013807817,122.416151326409,153.079083377207,98.8772267344418,128.439385823242,120.529149532431,0.39010989010989,88.6531477552444,19.0363163394532,0.276254834595428,0.713168624566395,0.250389336775174,0.231115498664335,0.152783161885271,0.353967334455272,0.00147348469571757,0.52370550996546,0.0925821416422687,0.267851499406182,0.0105765408381771,0.0117446682199472,0.114387364290371
"Alec Craig",249,197,0.382575137470045,0.2449807575129,0.336180213984727,0.164658634538153,0.188755020080321,2,2.01044922499133,35.3347389274549,9.89709690521431,1.0189241723808,0.409638554216867,0.279187817258883,0.370558375634518,0.780196929851385,0.718755351454772,0.377191749657469,0.352092087746395,101.206236541069,131.768814548201,86.4018089649014,105.788385114649,74.9950132802908,281.12006707355,127.258777564386,120.271497683502,0.13855421686747,84.7200490318349,24.4414315656034,0.544714517126794,0.379035097148851,0.342916594164679,0.517159290746085,0.0828929885402748,0.0315406825097435,0.0809638250377399,0.302825443522613,0.0444711746475647,0.274441729450778,0.0762503857243555,0.0254904440392172,0.297297827341304
"Jake Mackenzie",173,147,0.364750006428953,0.259195585797339,0.378698653725375,0.132947976878613,0.144508670520231,3,2.52128164065043,26.5207178288695,8.1163972219077,0.94335442078116,0.352601156069364,0.244897959183673,0.394557823129252,0.747158979198616,0.743448660154328,0.346207758542363,0.349785220977436,107.07865398459,125.629376418521,97.3294898786986,109.422814055145,60.5521557953229,215.222287238082,116.805248724068,119.483492695845,0.316239316239316,85.8380287409519,21.2672450564134,0.524740602205708,0.379877347926635,0.357642520229841,0.501304160918037,0.041924175402071,0.0621417343877671,0.0295584595491844,0.405807160064282,0.0333970124751429,0.180456760452009,0.0953820498676576,0.0369874090622837,0.350780607459382
"Austin Dennis",286,267,0.350232526888083,0.307739710449407,0.409643635821434,0.0769230769230769,0.0629370629370629,3,2.46151664897359,61.5510849350451,16.4840040845356,1.66989702143742,0.370629370629371,0.329588014981273,0.441947565543071,0.812576936172442,0.759876162709516,0.366526142009244,0.344544752591112,127.133160355188,120.62917938016,105.282671893174,111.840658963378,35.0351938213741,93.7345737705438,123.660363249844,117.693395720305,0.284090909090909,86.277416196713,18.20475880979,0.453694083662561,0.502728653123212,0.348701077243369,0.435211653926828,0.0950600186292282,0.097157118844167,0.0167944968747285,0.424462262576375,0.0564342406215283,0.262477986101853,0.0435772632142263,0.0238701313564085,0.239831013825515
"Brendan O'donnell",128,116,0.325664652725159,0.273147203007072,0.452490440556971,0.203125,0.078125,6,4.36021243237542,20.3917478807503,6.14305221272721,0.790063022967424,0.3515625,0.301724137931034,0.508620689655172,0.860183189655172,0.77815509328213,0.371896662251346,0.340024601289123,112.842333898855,112.167365379842,116.294746023404,114.531002128108,92.514808684566,116.354549038088,125.472295354709,116.149352597025,0.230088495575221,83.6271600470692,21.9175894232897,0.352411375507315,0.627149108778664,0.3090067508785,0.326069945046669,0.128234935647191,0.21934495807734,0.00421458419977608,0.492057141400325,0.0747283020136336,0.26674815780318,0.0204395157140208,0.0173434103503005,0.162251814583086
"Steve Barmakian",208,184,0.353271429917409,0.290654659906636,0.383338025949488,0.115384615384615,0.0961538461538462,1,1.71647113308597,40.8553629165019,9.91292079383953,0.995702579393669,0.394230769230769,0.33695652173913,0.434782608695652,0.829013377926421,0.736609455866897,0.377951481516081,0.339361790868633,120.074999199585,121.675856517491,98.5218567579794,108.416201199224,52.5527907320612,143.205598816109,127.515099574852,115.9229425051,0.175141242937853,83.3145896544165,19.2090035612575,0.455130975007139,0.506713842831763,0.340254613589979,0.435062876598485,0.129173139268261,0.0754482831331473,0.0242426575498738,0.377114943939165,0.0647523911167483,0.314521729228813,0.0381551821610984,0.0200610874101283,0.219368278165399
"Kyle Crowl",164,141,0.336143592905706,0.234947157705928,0.403696297129767,0.286585365853659,0.134146341463415,4,5.19066319844759,20.5766886661942,6.49875568036943,0.861441691524552,0.341463414634146,0.24113475177305,0.397163120567376,0.738626535201522,0.739839890035473,0.339219503583648,0.33760695018633,97.0611645536526,115.776584563407,103.754144037843,108.891665365467,130.52745990768,199.789274445888,114.447517453005,115.32350467505,0.311320754716981,84.7640288492707,19.5262342798154,0.523784326597063,0.373117469482911,0.360316205005864,0.495513244952785,0.036140682646322,0.0674211617970883,0.0253785539898273,0.418146608457761,0.0310240915578269,0.160244867227511,0.103098203920027,0.0406087055979407,0.365205878767074
"Victor Nova",225,191,0.350028157057192,0.255268771402452,0.374858562671466,0.186666666666667,0.133333333333333,3,3.3632399589963,33.8310375399597,10.3721854224316,1.18987241648065,0.324444444444444,0.225130890052356,0.350785340314136,0.675229784758581,0.724886719728658,0.315153739411252,0.337546351163363,105.456411852038,120.558789101994,96.3425465672081,106.690816723575,85.0187370065346,198.578430358337,106.328093492876,115.302804592588,0.276073619631902,85.7856124118861,21.7729145397237,0.544112580146313,0.257384033072295,0.348920247656346,0.536852871962508,0.0154117697136499,0.0410370576326425,0.0403023092135626,0.362700221058274,0.0167949342592085,0.101932997145202,0.198503386781392,0.0577780530348538,0.478269538323753
"Oscar Campos",209,194,0.326589580759645,0.300294960715287,0.442537648110389,0.0909090909090909,0.0478468899521531,6,4.03895731624521,40.2070609243618,12.5441988704035,1.46700526775526,0.315789473684211,0.288659793814433,0.427835051546392,0.743624525230602,0.769127228870033,0.325097287323441,0.335483536183475,124.057591848381,112.485934619475,113.736774923784,113.202256268676,41.405229061624,71.2602022817,109.682895799945,114.598165506084,0.340659340659341,87.0513565738262,18.8325867356138,0.491300843318854,0.420159808654955,0.357160287602445,0.454273669402014,0.0320721324435925,0.115199291651189,0.0110961180687355,0.484269429312439,0.0303259178529812,0.140615907409827,0.0885393480261915,0.0412946189007598,0.333692627356017
"Willie Estrada",132,124,0.312799167047968,0.284592661696224,0.467802148882984,0.181818181818182,0.0454545454545455,5,4.29957308232998,22.1509480765437,7.85868061874797,0.980288272710113,0.318181818181818,0.290322580645161,0.435483870967742,0.75366568914956,0.780601315930952,0.329716399869742,0.334964846895535,117.570671794351,107.736157937871,120.230014200045,114.891043890755,82.8104581232479,67.697192167615,111.241314340669,114.420985899771,0.368421052631579,88.735809560322,19.5314553002076,0.481985974847773,0.438987209132199,0.357213235215603,0.443851842102734,0.0366097069678663,0.123251832731848,0.0102530506102133,0.489819203010738,0.03330707211472,0.148464744208762,0.0790268160200274,0.0390733829819497,0.318155930055566
"Aaron Simmons",189,160,0.337414007049625,0.22982029582737,0.386714274283031,0.206349206349206,0.142857142857143,7,4.93505265351808,22.5882143064584,8.19808215245392,1.04989821994883,0.396825396825397,0.3,0.525,0.921825396825397,0.724128281332656,0.405537805669738,0.334021696706693,94.9431598529472,116.214148192964,99.3895876695496,106.579187679061,93.9832977113052,212.762603955361,136.822307095901,114.0988142586,0.347457627118644,86.3294374775475,23.6074958948238,0.301042177175024,0.689086603799874,0.260615363635979,0.269342325926608,0.284770696137038,0.175989248488585,0.00467434507341186,0.386291867025031,0.111493285961044,0.394451174506701,0.00987121902510225,0.00928236581179019,0.103089327433812
"Brady West",183,164,0.316382591518816,0.255475696633801,0.433927348425732,0.256830601092896,0.087431693989071,5,6.42923291044235,26.5044240651918,7.95034238206856,1.01401489024062,0.278688524590164,0.213414634146341,0.371951219512195,0.650639744102359,0.750309939944548,0.289320485144701,0.329534114634876,105.541896622854,108.970382403342,111.523838416706,110.432676044148,116.975428551145,130.215364169401,97.612345172674,112.565896492087,0.258992805755396,85.260773329228,24.5834828461001,0.516266291111747,0.254790003318831,0.348232451822797,0.499421575537298,0.00884244769476004,0.0687100388946537,0.0160079686001633,0.414546081574188,0.0123513482051949,0.0658104254817384,0.228943705569422,0.0747934860504906,0.491284176138715
"Lamar Briggs",157,140,0.329971670360892,0.262896801761857,0.387545929872619,0.171974522292994,0.0955414012738854,1,2.7732401980354,25.7566245284958,7.42021769885711,0.85546982127167,0.292993630573248,0.221428571428571,0.335714285714286,0.628707916287534,0.717517600233511,0.289523902845057,0.326540102269323,108.607697090659,113.650814126281,99.6033317995935,105.60620949313,78.3270893713523,142.293461244031,97.6809752206688,111.543168734719,0.293103448275862,85.1850271078155,19.0482442775909,0.513276940206432,0.198083075542851,0.339286932990695,0.535196853036173,0.00733156715200129,0.0395933188018005,0.0324400267999638,0.347827396494575,0.0100833942969158,0.0625563063426049,0.288639984250718,0.0785913280193301,0.547092876065941
"Christian Ibarra",152,130,0.340470206691244,0.251934395515916,0.354361046909699,0.151315789473684,0.125,1,1.6726429813494,23.5275590919159,6.8050029504639,0.746266393339867,0.276315789473684,0.176923076923077,0.207692307692308,0.484008097165992,0.694831253600943,0.248159390552557,0.325596037506945,104.078917398533,117.26678273284,91.0744719827125,102.26717073738,68.917914161782,186.167278460941,83.7252159187464,111.220684683435,0.265486725663717,85.9551125338016,22.9286444636744,0.284100708281783,0.0379662433147527,0.269993647249309,0.578037406124348,0.00104021236162368,0.00707967072162622,0.120085668152891,0.148122793903236,0.00175212706088524,0.0167800128441238,0.677933048403464,0.143849063543093,0.713259398038864
"Ian Walters",264,234,0.32159438002614,0.251713317636329,0.397760110945561,0.189393939393939,0.0984848484848485,7,6.50058240278726,39.1446811688691,11.8381030844907,1.4175496707539,0.276515151515151,0.200854700854701,0.354700854700855,0.631216006216006,0.7193544909717,0.284347334793308,0.323891509120281,103.98758589804,110.765457738942,102.228482492838,105.876568112975,86.2608938783833,146.677249696499,95.9344796442341,110.638433082099,0.245098039215686,85.0290153131185,21.5469736758483,0.508693750150755,0.218337608551544,0.34199183028599,0.513532967013831,0.00686638795832181,0.0557907406272751,0.0196456790997876,0.385559035322116,0.0100978303815809,0.0577100865110004,0.2729686412977,0.0818180741145819,0.526987368685515
"Jake Guenther",140,123,0.335282653768224,0.251541231931311,0.356571680611784,0.1,0.114285714285714,1,1.8537584239645,22.3902043338553,6.03374762365835,0.661861146073115,0.364285714285714,0.284552845528455,0.365853658536585,0.7301393728223,0.691854334380007,0.344492452780116,0.323530670752169,103.916494001909,115.480054761982,91.6426278195921,101.829019596853,45.5457519677864,170.210083164289,116.226530566391,110.515173933527,0.273584905660377,83.1896184076153,19.3865662866898,0.551085516806658,0.327897431304371,0.353653642962105,0.530925348530826,0.0368306670714889,0.0398577496338377,0.0533333858734206,0.355154498047384,0.0289822167005405,0.174837962473587,0.121017051888971,0.0387325918017425,0.387691936905068
"Raphael Gladu",204,185,0.324118776586812,0.26551475904708,0.387452743170393,0.127450980392157,0.0833333333333333,5,3.54350795208235,34.7424686863792,9.74050436393048,1.0937494213177,0.348039215686274,0.291891891891892,0.427027027027027,0.775066242713301,0.711571519757205,0.348574842681449,0.322473145051412,109.689225317416,111.634925484413,99.5793818486182,104.731049050739,58.0485074099238,124.111518973961,117.603867024192,110.153932643832,0.242603550295858,83.4546087092071,20.7580428391789,0.485075788106389,0.448672802019187,0.357621368008984,0.460056512548897,0.0558012930216631,0.0944621770183166,0.016760520630625,0.446666637352104,0.0415860052549675,0.198615477055224,0.0662514098744244,0.0320586494021398,0.29637135970708
"Jesmuel Valentin",135,110,0.348318031800994,0.218390311755766,0.30563865031062,0.162962962962963,0.17037037037037,1,1.26477862922628,17.4725837462091,4.76816248204254,0.517409435656281,0.362962962962963,0.236363636363636,0.345454545454545,0.708417508417508,0.653956682111614,0.34101026649958,0.322353288651212,90.2212148179356,119.969777544086,78.5523096776547,96.2511391330832,74.2227069104667,253.739105457875,115.051693710297,110.112990773053,0.186813186813187,82.9209603183568,18.5162582326812,0.562946020848053,0.2833025931703,0.347801187079612,0.549900142550973,0.028207530037312,0.0307691485105877,0.0704674296545096,0.327591148486608,0.0236119540706572,0.152261984708598,0.153751385981647,0.0433219918215153,0.426067483079627
"Jonathan Lacroix",158,128,0.346058299793119,0.208415713807132,0.299539853312951,0.215189873417722,0.177215189873418,2,1.76066009460269,19.1026039738185,5.24598502484658,0.567962274045093,0.39873417721519,0.2734375,0.3515625,0.75029667721519,0.64559815310607,0.366094407625227,0.320241308709402,86.1005176266945,119.191467145132,76.984855463552,95.0209078956521,98.0098460066289,263.933356805385,123.514702614392,109.391557376736,0.247191011235955,83.1793490022444,16.8343224596031,0.5658432072165,0.328044422378292,0.345300596896143,0.541048879333911,0.0560096717766733,0.0264478003914434,0.0975502884607576,0.295540972242458,0.0345198899620542,0.223102349207236,0.106112370405208,0.0311930516018292,0.349286500127495
"Dalton Combs",203,186,0.317312217065298,0.276421398194922,0.395810952232013,0.083743842364532,0.0640394088669951,5,2.98598145904916,36.3748198847455,10.85864476717,1.19493395329081,0.339901477832512,0.301075268817204,0.467741935483871,0.807643413316383,0.713123169297311,0.352508287778495,0.318184397445959,114.194966554691,109.290569588123,101.727528445561,104.95942508826,38.1417627316437,95.3763397041275,118.930951763244,108.688934946792,0.273224043715847,86.374710110017,21.4809696941892,0.425527963817855,0.533213609345729,0.342679450740296,0.399540241698631,0.0730651389788332,0.158512123536734,0.00757637847891999,0.494418976682877,0.0515352765020363,0.213367537256097,0.0412584268364162,0.0262030450455063,0.23310183108007
"Tommy Caufield",235,209,0.311803858859571,0.235760319770331,0.394446458153457,0.246808510638298,0.102127659574468,7,6.80599167702036,30.9999980681293,10.1884062826865,1.27951080416287,0.353191489361702,0.282296650717703,0.483253588516746,0.836445077878449,0.706250317013027,0.366618911692743,0.317859700526465,97.397097355362,107.39334794514,101.376839285983,103.947859827821,112.410792090707,152.102627508514,123.691662334535,108.578021392754,0.3,85.869498761485,21.2925640082544,0.39483357013935,0.575943877037112,0.331236414325743,0.371565386868567,0.106626668887515,0.169425128878612,0.0068027288859539,0.479135971718964,0.0650242011264817,0.252705709161337,0.0292225528235385,0.0211464010395638,0.196331389107263
"David Vinsky",276,249,0.303937954870013,0.244525604594874,0.411091387670493,0.282608695652174,0.0833333333333333,9,8.29932883792298,37.7373641570606,13.1234716262201,1.72671092292003,0.27536231884058,0.21285140562249,0.357429718875502,0.632792037716082,0.715029342540506,0.283623460531692,0.315593968030551,101.018204165173,104.684126298097,105.654759165082,105.239980897323,128.716255561135,124.111518973961,95.6902554433411,107.804067503651,0.395209580838323,89.312000803105,18.9736146443038,0.508809206472042,0.221485660927367,0.344008004780454,0.509247121522734,0.00701913089045133,0.0574455705543329,0.0188996497243751,0.388106343341135,0.0103072934181995,0.0572973835613178,0.269705132600591,0.0822801722520272,0.525389329954973
"Brian Fuentes",197,165,0.324671486284308,0.205819895745507,0.340357149362233,0.263959390862944,0.152284263959391,4,4.14636924922075,21.045626543024,7.77703491243038,0.991252093333539,0.350253807106599,0.236363636363636,0.357575757575758,0.707829564682357,0.665028635646541,0.335767365780994,0.315065363384788,85.02813553665,111.825293060596,87.4753247684293,97.8807396392271,120.222289458116,226.802775789979,113.28281849777,107.62350090008,0.296875,83.6786809672293,27.3792899246285,0.554076949247568,0.295365999927086,0.352957378060239,0.536230592194669,0.0264426416710905,0.0384633870651897,0.0514451383674197,0.354643561875989,0.0236401505630474,0.141893969529247,0.150557050825347,0.0459060010088116,0.428377179664297
"Ramon Jimenez",145,127,0.317188190782885,0.236159745382033,0.371187715957865,0.317241379310345,0.110344827586207,3,3.09051224049845,19.8092343294277,6.30806664554893,0.784474448043129,0.324137931034483,0.244094488188976,0.354330708661417,0.6784686396959,0.688375906740749,0.315297853923138,0.314991797833729,97.5621077151509,109.247851714937,95.3991008101582,101.317055071023,144.489971759874,164.340769951727,106.376715544203,107.598371567978,0.32967032967033,86.0756571231991,20.9930217869117,0.54389258218199,0.262734782443185,0.352182403158575,0.531531611714778,0.0162282775400405,0.0422962810212559,0.0390791900263595,0.365301271002727,0.017509601605305,0.102412914207758,0.193372635374825,0.0577614265653501,0.475697023157851
"Tj Reeves",151,140,0.288269170566343,0.232347462539412,0.436192617559981,0.291390728476821,0.0728476821192053,6,6.57088331052368,18.1040787448639,6.88169362895168,0.971989071178449,0.33112582781457,0.278571428571429,0.492857142857143,0.823982970671712,0.724461788126324,0.356543589135207,0.313950919949519,95.9871807574225,99.2873899948457,112.106036127486,106.628274124199,132.716098449179,108.494837778562,120.29240126002,107.242817023026,0.357142857142857,87.7548555750639,24.036049440887,0.390216022822021,0.577826029989986,0.327748799439553,0.355345493937749,0.080310543607292,0.212789370397246,0.00453707075043221,0.523507825672766,0.0573812673887713,0.209289170023182,0.031957947187993,0.0238057926181592,0.205284666164849
"Peyton Isaacson",183,168,0.309836765219245,0.277976952590011,0.399004904495674,0.153005464480874,0.0546448087431694,2,2.85652928151234,33.1774014461468,9.56928653931074,1.09691076815189,0.295081967213115,0.261904761904762,0.369047619047619,0.664129586260734,0.708841669714919,0.295505292471047,0.312933226395558,114.837595827537,106.715829801109,102.548407372542,104.329262229961,69.6874893496185,81.3846026058759,99.6990053939984,106.895182037244,0.281879194630872,86.4690311993766,19.0672306306626,0.52630848756557,0.266231773047802,0.351209423399299,0.509902153269247,0.0114331671725961,0.0609639217770525,0.0209639486520492,0.405430986630703,0.014447413470155,0.079842123075416,0.207459739386628,0.0664913343818057,0.479315528171677
"Marc-antoine Lebreux",173,142,0.336014093768891,0.191059424098719,0.275817188978593,0.294797687861272,0.179190751445087,3,1.91260480755038,19.5134209051194,5.11103682840564,0.593375680942669,0.352601156069364,0.211267605633803,0.316901408450704,0.669502564520068,0.611831282747484,0.330160633380453,0.309431610987408,78.930302383922,115.731981697011,70.8878841764531,90.0510072495137,134.267823720064,266.875636175222,111.391191991964,105.69906163549,0.290322580645161,83.2663351401949,13.7941848069325,0.558622635869319,0.216680804989826,0.338869144895934,0.568279890697816,0.0167890244286119,0.0219296918557372,0.0933226253333152,0.288265759675177,0.0159347155875845,0.110113726563901,0.224696559140854,0.0541322481219009,0.492363172840022
"Chris Kwitzer",284,272,0.288726414863008,0.264699639048141,0.426805200523874,0.211267605633803,0.0352112676056338,7,8.49993928952512,46.7972856612622,14.8092588877899,1.89181798251712,0.309859154929577,0.286764705882353,0.430147058823529,0.740006213753107,0.715531615386882,0.323384897953502,0.308953910639688,109.352483655502,99.4448768073159,109.693372384389,105.313906793245,96.2234196502529,52.441486890406,109.105161588816,105.535883483342,0.308333333333333,85.7631750795715,18.3046850264391,0.490387212293181,0.418068069010257,0.357973607674483,0.448271343377223,0.0299633670711404,0.12059120541915,0.0101176410653813,0.490232271925535,0.0293636281264129,0.131540566655269,0.091544718696562,0.0432004764580036,0.338745892227401
"Brennen Dorighi",150,137,0.299406172880186,0.232926466657138,0.387358314071755,0.306666666666667,0.0866666666666667,4,4.16214889853418,19.9668605920185,6.89311648275039,0.888799958724828,0.3,0.233576642335766,0.401459854014599,0.701459854014599,0.686764486951941,0.31244473297717,0.308248025331813,96.2263784327488,103.123262869963,99.5551125888526,101.079881884271,139.673639367878,129.075979732919,105.414115794455,105.294759396419,0.37,87.0199742574994,20.7694030851259,0.517668931166963,0.341088348983424,0.357899485770755,0.479286730224452,0.0183651410720023,0.0892535659038707,0.0139667250449946,0.455182708411368,0.0208190429338092,0.101226178845573,0.141242719849613,0.0551950770289191,0.408805344764255
"Chase Dawson",255,233,0.310811082091115,0.262904832331478,0.365957989864257,0.117647058823529,0.0705882352941176,3,2.91066796431186,44.4059799893006,12.6009741470422,1.33920383257978,0.294117647058824,0.244635193133047,0.373390557939914,0.667508204998738,0.676769071955372,0.297382161706551,0.30683770921344,108.611014672565,107.051409839189,94.055006850782,99.6087292745582,53.5832376091604,105.129757248531,100.332232618017,104.813008065823,0.20873786407767,86.6803793421807,23.0303437485579,0.525587210229471,0.275025220203933,0.351072834357256,0.506495151181883,0.0117677696539466,0.0653345498474632,0.0192202166564995,0.414678588333113,0.0148471194042931,0.0814126267254204,0.199387569566596,0.0653296949594512,0.469841448880674
"Christian Kuzemka",210,195,0.303182066768827,0.259837097545916,0.378051572948093,0.176190476190476,0.0619047619047619,5,3.59750213383431,35.9826213551893,9.91690476293832,1.17120576949166,0.261904761904762,0.215384615384615,0.343589743589744,0.605494505494506,0.68123363971692,0.269388264863989,0.305492172293472,107.34367475777,104.423778802222,97.1631833937306,100.265836609861,80.247277276576,92.1971283806566,90.8875162511217,104.353384728108,0.281609195402299,83.2513019600072,19.0577381901191,0.484813761078701,0.183216675877241,0.335147339794087,0.51300973556279,0.00461246264228837,0.0515311961068236,0.0186812656264946,0.365883225045253,0.00755330614576015,0.0441611011366164,0.331969563044058,0.0956992658940118,0.563721102045876
"Luis Curbelo",184,172,0.27423494742024,0.235228083286768,0.44009620726678,0.206521739130435,0.0543478260869565,6,8.1056889128954,22.6283376182593,8.53015700246316,1.19504679170627,0.239130434782609,0.197674418604651,0.372093023255814,0.611223458038423,0.714331154687019,0.263086223422847,0.304003041505921,97.1772202842073,94.4536390111931,113.10929925272,105.137219693003,94.0618790639066,80.9422949830179,88.761303016903,103.844711013763,0.361344537815126,86.885870944651,21.1027287911182,0.482314950457587,0.214848027423288,0.335848148811082,0.476765840907754,0.00428619723832628,0.0840685285806116,0.00895633414122751,0.419969833079985,0.00764298991021818,0.039480029377965,0.302837022119125,0.0990312844622262,0.523950813490604
"Steve Brown",139,124,0.290572685903859,0.253141962424487,0.402286617029322,0.194244604316547,0.0647482014388489,2,3.38718430116313,20.4995104409952,6.67343292944579,0.829475669032208,0.244604316546763,0.201612903225806,0.282258064516129,0.526862381062892,0.692859302933181,0.239962126210699,0.300400277109275,104.577786384933,100.080780509779,103.391841601014,101.976933626455,88.4701656928224,96.4319715768904,80.9595832121343,102.614039025197,0.277227722772277,83.2618310080218,26.5268286153718,0.36896870153106,0.0817196451860494,0.302424534625971,0.533118031710632,0.00155263364926976,0.023878923739197,0.0323695348099576,0.256230087386822,0.00308202987664719,0.0218738804364915,0.549311653282891,0.13902587627493,0.686444467490082
"Luis Atiles",150,133,0.320317409696431,0.240959484620035,0.301148677599745,0.153333333333333,0.106666666666667,2,0.572680046361692,25.6756199236548,5.31150044167998,0.487811042768176,0.313333333333333,0.233082706766917,0.300751879699248,0.614085213032581,0.621466087296176,0.294302849513204,0.299079690915487,99.5449717963475,110.325635988705,77.3983400260075,91.4690842238812,69.8368196839391,158.86274428667,99.2933193707888,102.16293863165,0.117117117117117,82.0943429984179,17.156911369249,0.505517973923994,0.156137766813622,0.327771195362721,0.565692029512004,0.0068141393534418,0.0219701086535878,0.068482227207799,0.281143894411332,0.00867513702542246,0.0620682927175257,0.338344259262384,0.0777525271182456,0.579630448637921
"Tyler Depreta-johnson",229,201,0.316208421736056,0.230904122276403,0.294736232083216,0.139737991266376,0.11353711790393,1,0.80728175184322,36.0013280754831,8.79782868482148,0.805290065409143,0.318777292576419,0.233830845771144,0.308457711442786,0.627235004019205,0.610944653819272,0.300366125842439,0.295205519537338,95.3909092887962,108.910393806184,75.7502748827621,89.9205107706748,63.6447189069504,169.095169955789,101.338976876273,100.839556453667,0.121387283236994,84.0215537998001,23.8749014042678,0.520122821801216,0.173418814844636,0.331832106140366,0.563942783189481,0.00825805437179366,0.0237998147401596,0.0665742304659918,0.293011535449183,0.0100539952569919,0.0706022989483886,0.306458363354147,0.0721672415581992,0.559757939879445
"Ed Johnson",146,134,0.300755683589107,0.238136789582162,0.330358369424986,0.157534246575342,0.0821917808219178,2,1.4789876568759,23.2256952535186,6.49056505891966,0.715081834695536,0.363013698630137,0.305970149253731,0.455223880597015,0.818237579227152,0.631114053014093,0.365966108059339,0.293258785987932,98.3788624880632,103.588069411001,84.905534405754,92.8890982952535,71.7501572095264,122.411361179797,123.471416286067,100.174569742161,0.204724409448819,79.5711469949435,20.7183690156887,0.436168436718846,0.524584701926917,0.345666241650203,0.416418276305757,0.0960951978360705,0.118253046649165,0.0123522843414305,0.446041000353815,0.058368006906844,0.25495166619267,0.0392468613542375,0.0235672375588044,0.228287042205241
"Jamey Smart",193,171,0.297448872245694,0.253845803177889,0.355658616446157,0.181347150259067,0.0725388601036269,1,2.1515741510773,31.2814119311692,8.99402390670297,0.980622354469546,0.248704663212435,0.198830409356725,0.257309941520468,0.506014604732903,0.653107488691852,0.236787368313289,0.293050384581899,104.868556462139,102.44911769151,91.4079608394149,96.1261525151125,82.5959232576437,108.034897345209,79.8884680314492,100.103381691946,0.218390804597701,84.0156862894321,23.4278204625636,0.329826974361692,0.0606119497070564,0.290262460319541,0.544352921173586,0.00120948013145822,0.0164237731634081,0.0465483807190366,0.217076118269441,0.00239889031758462,0.0186788978469434,0.609561075931251,0.147751365212006,0.715297712846994
"Alec Olund",127,118,0.27568562310529,0.245865035037049,0.404193917117987,0.267716535433071,0.047244094488189,3,3.64891559016728,18.4220823012237,6.14609117091268,0.794985072068101,0.275590551181102,0.245762711864407,0.372881355932203,0.648471907113306,0.679879540223277,0.284655653477922,0.29297426716652,101.571548499386,94.953289397721,103.882037546654,100.066536530318,121.933509205097,70.3624359537415,96.0385016938678,100.07738066589,0.315217391304348,86.8706159984505,22.5235797285852,0.514032409584828,0.253153818469412,0.348954007980054,0.496061371680299,0.00850261935229477,0.0701054374627348,0.0152905652598676,0.415298828213438,0.0120417196121114,0.0633167383424751,0.23281377194576,0.0763765635246178,0.494052148572107
"Anthony Quirion",139,120,0.299217147189608,0.204926528827963,0.324709641965949,0.287769784172662,0.122302158273381,0,2.38938741323936,15.7259452974042,5.74589016058361,0.729960588128334,0.258992805755396,0.158333333333333,0.2,0.458992805755396,0.623926789155558,0.235399592634129,0.292437695378578,84.6590685760738,103.058157512278,83.4537527407193,91.8312570764738,131.066912137515,182.149279645237,79.4202535579783,99.8940925580441,0.363636363636364,84.9210082879094,25.9571075108509,0.241228228233143,0.0287775213367525,0.261240730460109,0.562709744738946,0.000688362441674467,0.00676012659702596,0.103521437282169,0.139159437608581,0.00129674439309276,0.0122820949280426,0.729994250430105,0.168601035762245,0.743740285788114
"Wagner Lagrange",162,157,0.268725140005807,0.245436131725737,0.408391247688004,0.185185185185185,0.0308641975308642,5,4.88930779001419,23.853561196971,8.66517755187776,1.12542614207777,0.246913580246914,0.222929936305732,0.388535031847134,0.635448612094047,0.677116387693811,0.272851202787637,0.291758293440609,101.394360338085,92.5559182230888,104.960795126627,99.6598481580837,84.3439851255303,45.9672292496151,92.0558590034351,99.6620149526325,0.299270072992701,87.2154573205157,27.5390200994969,0.496321636820144,0.257364748893025,0.341572957522492,0.46625668252757,0.00599786703148608,0.0999583932511319,0.00793566716518819,0.450384119223794,0.00985795278362357,0.0484514639357053,0.246313614286831,0.08621409966732,0.483370796891689
"Jonathan Sierra",231,216,0.288599301170604,0.266974252640785,0.370225250141122,0.16017316017316,0.038961038961039,3,2.74088887667005,42.1002737471656,11.5710030630854,1.25427288348859,0.246753246753247,0.222222222222222,0.300925925925926,0.547679172679173,0.658824551311726,0.24565565397529,0.290901820928565,110.292170035909,99.4010955499356,95.1517370922054,96.9676054808981,72.9520702514327,58.0261647150985,82.8804931578282,99.3694516280555,0.263157894736842,85.4445369479475,18.499934849062,0.405313758843797,0.10483791963505,0.312853703982865,0.527111860521236,0.00205287988994696,0.0307565199182797,0.0264406876443141,0.288011520996761,0.00392605050851225,0.0262284358472639,0.489848321521153,0.127225035687672,0.655393305003149
"Henry Kusiak",176,163,0.287018817223308,0.236290256633756,0.354236880127853,0.255681818181818,0.0681818181818182,3,3.41014047179688,26.9655483155579,7.28436787374773,0.855255170199731,0.329545454545455,0.282208588957055,0.417177914110429,0.746723368655884,0.641255697351161,0.332849391501271,0.289630123492403,97.6160244094545,98.8567358261833,91.0425598292942,94.3817733405996,116.452206735817,101.545788251422,112.298338216483,98.9350511954119,0.211267605633803,82.7632070968928,19.4884589289085,0.502963804096845,0.407022882312069,0.361408235724108,0.469504767902862,0.0368920623818899,0.0921516802055671,0.0160733732050075,0.454780488048599,0.0325132645511829,0.154503071739797,0.0900133135910856,0.0400432537855729,0.342129802455413
"Jack-thomas Wold",126,121,0.274471563515207,0.244491049610877,0.385932944727575,0.206349206349206,0.0396825396825397,6,3.1637051522133,19.543582691706,6.12890446551306,0.747224693483782,0.293650793650794,0.264462809917355,0.479338842975207,0.772989636626,0.660404508242783,0.32813437079779,0.289440142002739,101.003928840369,94.5351357402879,99.1887778533235,97.2001478779026,93.9832977113052,59.1007233209337,110.707561717631,98.8701552233376,0.28125,86.6750435105088,21.2908439385875,0.427681608505181,0.516467661162708,0.331665431472462,0.368589623219397,0.0362852121629092,0.228511804486275,0.00359236962828277,0.565342281963959,0.0359532523516611,0.134253358798258,0.0558507303321101,0.034947928658957,0.26085873725784
"Taylor Wright",168,153,0.289951098670932,0.246482252135403,0.351908768735813,0.226190476190476,0.0654761904761905,2,2.16683139128871,26.7821411766782,7.89586115150286,0.8669508572469,0.244047619047619,0.196078431372549,0.26797385620915,0.512021475256769,0.641859867406746,0.237425115936645,0.288716935011314,101.826532687889,99.8666897213326,90.4442110051331,94.4706967474105,103.020153260469,97.5161934795406,80.1036344103975,98.6231142047488,0.275590551181102,85.0734052486086,21.913326189092,0.341362832879061,0.0672934669047723,0.29493542814756,0.536817310290905,0.00128034302091632,0.019448681441159,0.0384174755551043,0.232501921425312,0.00258380466477725,0.0191555881883779,0.591343700216167,0.14751823709946,0.707341210166429
"Nick  Gotta",146,132,0.305228519791671,0.239116393102909,0.301311774406601,0.171232876712329,0.089041095890411,1,0.615048074709948,25.0833662936009,5.36525293458889,0.499696586684272,0.273972602739726,0.204545454545455,0.265151515151515,0.539124117891241,0.606540294198272,0.259018092962549,0.288145344672806,98.7835554388228,105.128630378914,77.4402576004587,89.2722650347276,77.9893013147027,132.61230794478,87.3887774783139,98.4278640742679,0.0967741935483871,80.5329144391181,22.2196050765851,0.388724334201409,0.081381260341535,0.301752458615977,0.560041198170842,0.00212775705587722,0.0162802480640284,0.0612421895989989,0.22869462041953,0.00359502694157643,0.0279568656855374,0.529894405457056,0.119798338093275,0.678511297354357
"Ethan Wilder",156,141,0.298667675342699,0.245334449315327,0.322014952625512,0.237179487179487,0.0769230769230769,0,0.992490931607295,26.4323974502862,6.50005977122092,0.667209200346648,0.307692307692308,0.25531914893617,0.283687943262411,0.591380250954719,0.620682627968211,0.283004714127242,0.287433757293282,101.352353389521,102.868905135938,82.7611895739209,91.353772529936,108.025180949237,114.564479052887,95.4814997875661,98.1847922108362,0.258333333333333,85.1265773389068,16.3282148586521,0.474809365201207,0.125591664129221,0.320175650085093,0.569637382782426,0.00501441130682177,0.0175681468210061,0.079814739496671,0.251140934330338,0.00669132415867586,0.0496352774662971,0.399598970669572,0.0876044090046524,0.612717724548018
"Jr Disarcina",228,206,0.295202061595862,0.239349854581828,0.327944535159456,0.258771929824561,0.0789473684210526,2,2.4839225919545,36.9915145159789,8.86252944871849,0.96810348720471,0.263157894736842,0.203883495145631,0.271844660194175,0.535002554931017,0.623146596755319,0.251911195399687,0.287181823087748,98.8800028410539,101.675257743892,84.2851539121754,91.7164262179167,117.859621320149,117.579333764805,84.9910179914046,98.098733746952,0.198757763975155,80.7598637300392,16.066871059588,0.381481557462379,0.0814978558274312,0.303139850378658,0.548866560841087,0.00191845628446873,0.0186852610878708,0.0487802549970306,0.238184703827737,0.00343473685780277,0.0254566943824054,0.53702058671019,0.127389871407916,0.684143609935025
"Casey Dana",135,127,0.270290471150572,0.240072548073443,0.390943895003347,0.244444444444444,0.0444444444444444,3,3.62942093479425,19.4395990200774,6.56798904519603,0.852204605259532,0.259259259259259,0.228346456692913,0.37007874015748,0.62933799941674,0.661234366153919,0.273922759783145,0.286776026171656,99.1785613450015,93.0950589280627,100.476644153746,97.3222886426511,111.3340603657,66.1928101194457,92.4173860873725,97.9601171618247,0.318965517241379,82.449352766576,24.0070662508958,0.500143739911712,0.230874272022078,0.343259287428143,0.489998357159836,0.00609411646861467,0.0736387530709788,0.0125228647243807,0.413450776436071,0.00961650031611092,0.0505128632243883,0.268981988066209,0.0870094858724283,0.513896995299049
"Jeissy De la cruz",204,184,0.301459209495993,0.225530862702079,0.291152585619833,0.191176470588235,0.0980392156862745,1,0.987100383323225,32.1476724479491,7.61271594492341,0.75018996098679,0.308823529411765,0.233695652173913,0.282608695652174,0.591432225063939,0.592611795115826,0.286598885197548,0.284406581399757,93.1711129872564,103.830382007077,74.8292404963035,87.2222303156531,87.0727611148857,146.013551734071,96.6941186138786,97.1507360899049,0.189189189189189,83.0345358348769,16.2551939066049,0.475476633020621,0.125382294425459,0.318841243686624,0.572003582356361,0.00501482434086158,0.0173564260080368,0.0813267543529216,0.250612447095125,0.00667626890768552,0.0502787973068717,0.39914107255392,0.0867839236081168,0.611105732337396
"Kyle Novak",196,184,0.293135887331577,0.24703605389668,0.320477352153,0.0663265306122449,0.0612244897959184,4,1.21200218392585,35.1502032234382,8.3076646918649,0.784763817760197,0.321428571428571,0.277173913043478,0.391304347826087,0.712732919254658,0.613613239484577,0.322072601028763,0.284173058850922,102.055318787735,100.963613659398,82.3660102719755,90.3132805323208,30.208917121491,91.1839731237263,108.66241250272,97.0709668827324,0.1625,82.4760968277379,21.277709304629,0.526793910153477,0.342542394115243,0.358126232041639,0.498977083649522,0.0235314149524524,0.0711644177425143,0.0211906001737979,0.429295530030975,0.0236155355722786,0.125528865222687,0.13066369573128,0.0482008516138722,0.400369469000261
"Emmanuel Sanchez",168,159,0.278700188338096,0.237871897111951,0.353267248086221,0.220238095238095,0.0535714285714286,2,2.83317783873368,26.0944198682753,7.93974057887426,0.954293354916865,0.279761904761905,0.238993710691824,0.352201257861635,0.63196316262354,0.631967436424317,0.284056754403987,0.2836891632744,98.269430342166,95.9915839657684,90.7933543170653,93.0147016075189,100.30909659572,79.7859764832605,95.8364422264945,96.9056724960191,0.358333333333333,85.5582919364252,15.758084266514,0.510022239431539,0.215976477793612,0.343727409327385,0.515559523066047,0.00712585030287171,0.0524286184077976,0.0216767229748275,0.378050611621516,0.01026857399426,0.0586939621772058,0.274001282774849,0.0811585988958986,0.53131012923219
"Chris Davis",140,123,0.299089614222891,0.202215821066705,0.282444975120322,0.271428571428571,0.121428571428571,0,1.37392628718358,18.252111003399,4.7466103142002,0.499898386421947,0.3,0.203252032520325,0.268292682926829,0.568292682926829,0.581534589343213,0.279308211082056,0.282689815710918,83.5392233536786,103.014231845933,72.5912940984417,85.5918567707528,123.624183912563,180.848213362057,94.2343557044289,96.5643043359571,0.142857142857143,79.8077615762276,22.1288391695369,0.438416075041919,0.100456480027874,0.309901430990496,0.573132246208742,0.00357414050659226,0.0147828155372676,0.0858737180524211,0.228531185992253,0.00509199860913177,0.0395897765520547,0.461127444930207,0.0986093667569016,0.640913320794139
"Liam Mcarthur",263,234,0.306319698088634,0.224624276056884,0.270697592750224,0.140684410646388,0.106463878326996,2,0.474810833066404,43.3967333340609,8.02434925332486,0.666187176858724,0.330798479087452,0.252136752136752,0.324786324786325,0.655584803873777,0.577017290838858,0.311853866336675,0.282488824549711,92.7965847043411,105.504460527215,69.5720947370392,84.9269883800142,64.0757727303458,158.560723860269,105.214766348341,96.4956475588786,0.0985221674876847,78.4917423776311,19.9180963212703,0.543187500003233,0.212875493020469,0.340556363558945,0.557651584346392,0.0125439005481191,0.0278276305488879,0.0631372574097512,0.315414776500481,0.0137230392570837,0.0919403805375202,0.243937006976299,0.0614205209976556,0.515784546295164
"Antonio Valdez",214,195,0.288592409793852,0.239788593312228,0.328564608195996,0.200934579439252,0.0700934579439252,3,2.1190694572152,34.6297585263221,9.06578089400489,0.944166818342163,0.271028037383178,0.220512820512821,0.348717948717949,0.619745986101126,0.617157017989848,0.276916558841238,0.28241014574167,99.0612542020967,99.398721980782,84.4445191270771,90.8348635779536,91.5171651689165,104.392866426696,93.4274484992687,96.4687715840745,0.188571428571429,84.5308465392099,21.1456166549875,0.499268559142432,0.201163666467941,0.339566105894852,0.514291552817633,0.00580623436213557,0.0526293863478573,0.0199125251332348,0.374151798717021,0.00890988860674588,0.0514352606467245,0.299567774389627,0.0877067205775219,0.545590526896273
"Jackie Urbaez",175,149,0.290754564512648,0.193839253622238,0.299447986136631,0.262857142857143,0.125714285714286,3,2.90930640234718,19.6361761661727,5.66535050478401,0.671215716409489,0.314285714285714,0.221476510067114,0.348993288590604,0.663279002876318,0.590202550649279,0.307482229578859,0.280229845217617,80.0787031283611,100.143424226855,76.9612446444485,86.8676311033529,119.720262315324,187.231091480718,103.739842386562,95.724000489937,0.170542635658915,78.4972332181902,24.5064593178801,0.537550801051014,0.24311609564481,0.348087660947849,0.53372342852767,0.0126847730143734,0.0419871818812594,0.0364670554038365,0.362915137558935,0.0148282622662539,0.0885615203581322,0.219333103304175,0.0635169556288477,0.497228024412842
"Austin White",257,225,0.303350601675886,0.222049353914234,0.268695443289979,0.136186770428016,0.108949416342412,1,0.497442575340664,41.1126776102728,7.69892650665761,0.652057938431541,0.326848249027237,0.248888888888889,0.32,0.646848249027237,0.572046044965865,0.30746846102282,0.279384203562874,91.7328351180898,104.481826601826,69.05752151712,84.195306769787,62.0272886720826,162.262530642999,103.735197084506,95.4351368890239,0.0634920634920635,78.8545006939396,20.4537433953323,0.537218690286267,0.200607790356449,0.338020884618238,0.559682759294766,0.0110139661937984,0.0266722890753549,0.0637993199341421,0.309375227858131,0.0124816626639715,0.0848163005641598,0.262173519357285,0.0646101008178424,0.529527488979595
"Brett Milazzo",131,123,0.284658198920171,0.246261984215792,0.326684768780348,0.152671755725191,0.0534351145038168,2,1.04249075638657,23.0438251144655,5.64328614310006,0.560622044590294,0.282442748091603,0.24390243902439,0.32520325203252,0.607646000124123,0.611342967700519,0.27771034988436,0.279236704042086,101.735535797354,98.0436775666682,83.9613808598056,89.9791357008134,69.5354991874601,79.5829587313947,93.6952615622029,95.3847523763064,0.141509433962264,82.5313003355257,20.9230910770893,0.491797693769566,0.169761444259576,0.333664650266414,0.536036960045853,0.00533905649823948,0.0360654564066697,0.0324273971598494,0.329984660126038,0.00795505546368841,0.0505717530770747,0.338440861970858,0.0888938767828243,0.57906113417335
"Jaxon Hallmark",274,257,0.281317933708168,0.237669703642171,0.320981269882016,0.178832116788321,0.0583941605839416,2,2.36252048898965,45.6502026793032,11.8132702788189,1.2551203889262,0.284671532846715,0.24124513618677,0.334630350194553,0.619301883041268,0.602299203590184,0.281505749886888,0.276294681509798,98.1859003525566,96.8932034658865,82.4955223656244,88.6480496801616,81.4504323511508,86.9686556313886,94.9757719793269,94.3797838794517,0.232227488151659,82.7696099596797,20.9580361073388,0.503145379758435,0.188099738789027,0.338119401831521,0.530948853882786,0.00625720128361653,0.040478638078877,0.0295227346427729,0.346237559211841,0.00904833718064463,0.0555915005257245,0.308754881452539,0.084195904923199,0.559599868439017
"Jake Boone",251,234,0.280279858647733,0.232266002224705,0.319968008926957,0.175298804780877,0.0637450199203187,5,2.45805053442362,39.9013249505902,10.8336201060785,1.15724892948871,0.306772908366534,0.260683760683761,0.397435897435897,0.704208805802431,0.60024786757469,0.313429873267879,0.275749824432204,95.9535279433703,96.535663451577,82.2351037692027,88.3461284158991,79.841158827992,94.9378949920337,105.746487192395,94.1936655910087,0.202702702702703,81.4833138899639,24.6365618488313,0.520857531200687,0.340316851661219,0.357935836643106,0.486961578968488,0.0196330050589528,0.0825864611972726,0.0160856537581183,0.446689905553227,0.0214520334273831,0.108338104307328,0.138825617138094,0.0528831181321812,0.407434302953944
"James Smibert",137,126,0.277569603334274,0.222436790926949,0.315165226723625,0.204379562043796,0.072992700729927,3,1.63682463843667,20.228902529528,5.54930798259064,0.612000506240242,0.277372262773723,0.222222222222222,0.341269841269841,0.618642104043564,0.592734830057899,0.279984523260929,0.273151201655668,91.8928927583375,95.6021811240554,81.0007388269186,87.2403389360735,93.0862084013152,108.710819539236,94.4625331797143,93.3059993692288,0.271844660194175,84.0378341141965,18.3378178592374,0.500476512004713,0.193275065159308,0.338642187679831,0.522846900714926,0.00594969158878847,0.0460351962492189,0.0242266056486947,0.3595433633704,0.00890392293885306,0.0530179610581844,0.306248422835979,0.0865260237672361,0.554308146983868
"Dylan Broderick",174,159,0.278373059332699,0.229162970590501,0.315496464341363,0.172413793103448,0.0689655172413793,2,1.74092121407962,26.9479759850773,6.99176838531713,0.75624673941554,0.281609195402299,0.232704402515723,0.339622641509434,0.621231836911733,0.593869523674062,0.280607352588874,0.272491583371392,94.6716062252974,95.8789122392924,81.0858703372789,87.4073462564514,78.5271585651489,102.71298121983,94.6726663519735,93.0806796823903,0.16793893129771,81.2147704810398,21.8515909365739,0.503856643662978,0.194495572311927,0.338883953617728,0.526467710184118,0.00628254265579083,0.04415480578033,0.0262723189711601,0.356391766036946,0.00918860513675936,0.0554836000571516,0.301647784025095,0.084210987762033,0.552663709797982
"Jalen Garcia",184,170,0.260372530744751,0.217109092100201,0.358690999362594,0.260869565217391,0.0597826086956522,5,4.63279136243011,23.1176228521025,8.14571273768679,1.01241870481486,0.260869565217391,0.217647058823529,0.352941176470588,0.61381074168798,0.619063530107345,0.271121831638673,0.272415574203847,89.6919184730367,89.6790626386095,92.1873147649446,91.1154692634672,118.815005133356,89.0365244813197,91.4723953975314,93.0547156328235,0.263157894736842,83.6443514798398,28.1010673910275,0.491330923070169,0.198680896470703,0.33889855325428,0.504564224620747,0.00510968632662849,0.0581854094740106,0.01634047334103,0.381389700365591,0.00826099674221269,0.0460709793141106,0.309988180459128,0.0932421263243342,0.547937850237056
"Noah Lucier",150,134,0.29270712195048,0.215716927556508,0.264197844011736,0.24,0.1,0,0.320896894356651,23.4604112161602,4.71576824217975,0.408991939875426,0.333333333333333,0.261194029850746,0.328358208955224,0.661691542288557,0.556904965962216,0.313719262700593,0.271370185767998,89.1167886728697,100.815935725176,67.901591758395,81.9668012102146,109.309804722687,148.933822768753,105.844122799432,92.6976203239079,0.0990990990990991,81.0449951869939,20.8672705550702,0.546554277795656,0.220826222302619,0.343524701921756,0.554312507048598,0.0138404043502923,0.0284422657410971,0.0631239676735532,0.317847385103382,0.0147422892419433,0.0961169365311007,0.232619499901726,0.0598801209382561,0.508169421450021
"Chris Burgess",142,125,0.269573209852481,0.178235166392418,0.297701569141987,0.338028169014085,0.112676056338028,4,3.0911319094055,14.1074836035731,4.50165595666757,0.579124329406039,0.28169014084507,0.192,0.344,0.62569014084507,0.567274778994468,0.286355855275398,0.266779327639902,73.6323562429104,92.8480155064859,76.5123973260543,83.4930587502836,153.957471440405,167.812758049299,96.6121240028288,91.1294243833157,0.218390804597701,82.0343182369731,23.4786562576496,0.507102422536997,0.201364542609758,0.341027636536409,0.522201587044388,0.00669667447016921,0.0463147376985147,0.0250259270529103,0.362175106366764,0.00971917683357328,0.0566150723989106,0.291533034853245,0.0837593642505187,0.546464717347842
"Javeyan Williams",217,197,0.271968854497495,0.20820934733988,0.290127495545862,0.230414746543779,0.0829493087557604,4,2.04159844011134,29.8531662882452,8.23187351895534,0.890603178644511,0.299539170506912,0.238578680203046,0.33502538071066,0.634564551217572,0.562096350043357,0.293232651566708,0.263488606091311,86.0152636920147,93.6731377479358,74.5657816933798,82.7308833660445,104.944128958033,123.53957649021,98.932250809383,90.0053434315349,0.197278911564626,82.56383055624,24.3011275696129,0.519261487132197,0.202212993917193,0.341382577665107,0.5373790207265,0.00823328183213674,0.0375225574422358,0.0363372545129687,0.343103765482316,0.0108463238009105,0.0670702226807404,0.278525518950611,0.0754825623340202,0.542642433523064
"Joe Johnson",212,190,0.264331961061463,0.200201977605421,0.305556692227041,0.311320754716981,0.0849056603773585,4,3.28966671658773,25.5859843010042,8.17705382653174,0.985670900906385,0.259433962264151,0.194736842105263,0.336842105263158,0.596276067527309,0.569888653288503,0.26643488106195,0.26213432352445,82.7072661021437,91.0427932839657,78.5312455983724,83.8777759421613,141.793378767637,126.453245747054,89.8910893338646,89.5427326593203,0.26865671641791,85.0163132085955,23.6400758701961,0.474650831539322,0.16793014815351,0.332687968796842,0.514619711645219,0.00409312009246015,0.0470516101067088,0.0200040635121429,0.351223409794827,0.00688093038439783,0.0403215836432858,0.357419020307168,0.10154758935877,0.581570012665347
"Alberti Chavez",192,182,0.268574687754601,0.228386483785074,0.281184978307193,0.145833333333333,0.0520833333333333,3,0.87029090773374,34.2042801009667,5.98508480054152,0.506684239641451,0.276041666666667,0.236263736263736,0.340659340659341,0.616701007326007,0.549759666061794,0.277983193515652,0.256996490238997,94.3508246745386,92.5040985598493,72.2674618221337,80.9151363619522,66.4208882863551,77.5696993587255,93.7873148666986,87.7876949132442,0.0700636942675159,79.9306221955321,16.2752652377969,0.498498503553361,0.191336611576644,0.338043833226933,0.522906018391236,0.00575049359695116,0.0461131349233646,0.0239042211058184,0.359209303011922,0.00867897268312014,0.0520726630102727,0.310164884869995,0.0871865198615149,0.556134840188866
"Tyson Gingerich",131,119,0.276944300676502,0.212434482257325,0.252115677321865,0.236641221374046,0.083969465648855,0,0.192373842524577,21.2356958570096,3.55832669306859,0.293306996018945,0.282442748091603,0.218487394957983,0.235294117647059,0.517736865738662,0.529059977998366,0.255635603769156,0.256622300641697,87.7607477382478,95.3868106467854,64.7963493473478,77.868499466415,107.780023740563,125.058935149335,86.2475769078698,87.6598751045887,0.0618556701030928,74.367316216259,15.0558535927744,0.34632567072019,0.0583110015179378,0.288581417068769,0.573369092502077,0.00169484696848999,0.0100684838285297,0.0985836259915482,0.181422572044038,0.00272607762798494,0.0234010732969186,0.595363327761872,0.126286159632134,0.69386665103951
"Ryan Cash",216,198,0.271386451379339,0.210199361100693,0.259258864164585,0.185185185185185,0.0787037037037037,1,0.655385409125059,33.7843947641798,6.61176126998941,0.567932054642952,0.291666666666667,0.232323232323232,0.272727272727273,0.564393939393939,0.530645315543924,0.27135088906603,0.254777886891262,86.8373764385075,93.4725429864046,66.6322226061271,78.1018337970278,84.3439851255303,117.216434586518,91.5496759006814,87.0298399182468,0.0365853658536585,79.5718925420231,17.8004704095989,0.432167385241486,0.100641529643506,0.31062925919706,0.56715297495823,0.00324717032636707,0.0164915384345057,0.0723803916067853,0.237816769007814,0.00486430028200583,0.0372809438766656,0.467191085115007,0.102479057083837,0.64765759522673
"Kingston Liniak",141,130,0.250830274745348,0.195131297993031,0.305363601315619,0.304964539007092,0.0709219858156028,4,2.86512400901003,17.3246177611919,4.61982653287792,0.557500436014191,0.24822695035461,0.192307692307692,0.330769230769231,0.578996181123841,0.556193876060967,0.259232769387109,0.253564694022939,80.6124713701595,86.3924618169467,78.4816192273145,81.8621410470977,138.898392525873,105.62682465869,87.4612060491566,86.6154241209874,0.179245283018868,78.4301377726984,26.6833712290085,0.452067506230999,0.147928365652452,0.327031539810107,0.511230961500298,0.00309411705253972,0.045720099848459,0.0184288048399876,0.339859126056451,0.00561340858057731,0.0332362189798876,0.400004128116549,0.112923281788597,0.602862441543097
"Robert Chayka",168,154,0.260453856319802,0.193222388712511,0.274739057773481,0.291666666666667,0.0833333333333333,3,1.62285295143524,21.153857052508,6.2740675344833,0.705470323300126,0.291666666666667,0.227272727272727,0.344155844155844,0.635822510822511,0.535192914093282,0.290909116302827,0.252879814065373,79.8238644357165,89.7070732790493,70.6107932515616,78.7711618315428,132.84177657271,124.111518973961,98.1483252394898,86.3814752732383,0.252427184466019,83.8737561386408,19.878756825836,0.516949802033418,0.211388817915372,0.343771975080788,0.526749452735881,0.00803349578161351,0.0440194374966097,0.0288585940577388,0.360237469566309,0.010926708088487,0.0643885631130304,0.27166138005121,0.0774256389051077,0.535588665174435
"Elvis Peralta",163,150,0.246768846696483,0.188155480076845,0.301142274615875,0.288343558282209,0.0736196319018405,5,3.25051215958695,18.467139037371,5.81485892704383,0.69081188752494,0.245398773006135,0.186666666666667,0.346666666666667,0.592065439672802,0.547911121312358,0.261702035039874,0.250156103028317,77.7306275663421,84.9936005032951,77.3966943926058,80.6430624727502,131.328241870304,109.644532099695,88.2942988427768,85.4510800241412,0.195876288659794,84.3786626450071,21.9140678535643,0.467299782040331,0.172347679920055,0.331668949698537,0.499644401304556,0.00356505294036634,0.0577391188996166,0.0141715735589603,0.370124969319766,0.0064089879101434,0.0359473377093186,0.360352538039615,0.107382477156924,0.573347131501812
"Jarrod Watkins",130,118,0.265503570216032,0.190809018034612,0.245884156064684,0.207692307692308,0.0923076923076923,2,0.540896835062746,17.4948100587089,4.08333868626482,0.396418548047745,0.284615384615385,0.211864406779661,0.313559322033898,0.598174706649283,0.511387726280717,0.278560782043299,0.249116676382434,78.8268548494599,91.4463259087787,63.1947836191277,75.2674489604732,94.5950233177101,137.477374863464,93.982184478853,85.0960212091802,0.130434782608696,79.5844783921315,23.6082760406643,0.481748742917035,0.152201128535519,0.328644926686734,0.544035536994139,0.00480107440084442,0.0303681359775922,0.0389908392948689,0.308906249548266,0.0072058196137112,0.0476031205773063,0.366050128547446,0.0921503259406911,0.597293970965847
"Zade Richardson",154,142,0.242912679394401,0.200060229765759,0.290870892770038,0.279220779220779,0.0584415584415584,3,2.07932269469413,20.2729715217354,5.45537075809132,0.600887652216944,0.311688311688312,0.274647887323944,0.415492957746479,0.727181269434791,0.533783572164439,0.319761741901604,0.242441627318504,82.6487073584461,83.6654363223841,74.7568425062306,78.5637310187845,127.173203546416,87.0392470726478,107.882763669168,82.8158843473486,0.133333333333333,82.6779899206141,21.4799439636681,0.506589637357897,0.38524435307799,0.360349677576722,0.466951609576518,0.0265024299240157,0.0995389843753897,0.0131730274057593,0.467981365795563,0.0266725541353581,0.124886874622138,0.108166009564113,0.0466572985473549,0.367286178041182
"Cam Phelts",197,181,0.255137778377818,0.189293604090775,0.232731923537697,0.258883248730964,0.0812182741116751,0,0.584430998140349,28.034963643957,5.17645257119381,0.466295127139021,0.269035532994924,0.204419889502762,0.259668508287293,0.528704041282217,0.487869701915515,0.253490305780154,0.237921551266301,78.20080836477,87.8760779532857,59.8145231665885,71.8060015936522,117.910322353153,120.961480421322,85.5237858921868,81.2718669287198,0.0962962962962963,78.7187805719975,13.1506949685717,0.36909197920033,0.0727082906329541,0.298337812370673,0.556879919809819,0.00182491347737177,0.0152490152327819,0.0615555245504337,0.218661735731262,0.0031778693823042,0.0246942508243118,0.558199730166716,0.127708339109354,0.691910619511688
"Will Prater",122,110,0.246433989202488,0.182408606206395,0.238615920981424,0.221311475409836,0.0819672131147541,1,0.596204520323885,15.4432648535607,3.65676355335636,0.368713755462563,0.245901639344262,0.181818181818182,0.272727272727273,0.518628912071535,0.485049910183912,0.241468821033087,0.232951483043501,75.3564840531573,84.8782668846023,61.3267716628845,71.390976908212,100.797975666412,122.076903908814,81.4679192015451,79.5741362226102,0.217391304347826,80.6559894818415,15.6065267361094,0.353670066469195,0.0728012557020189,0.297665442286704,0.537242833665861,0.00140610264338986,0.0207073781394184,0.0371138975850436,0.240690698370421,0.0028000054005484,0.0205171875848527,0.573528677828786,0.142978243264627,0.698878211059135
"Craig Massey",153,138,0.242232045159422,0.159865963111533,0.202547006183575,0.209150326797386,0.0980392156862745,1,0.539872965557811,17.576099760649,3.62069531910135,0.324834864083468,0.241830065359477,0.159420289855072,0.217391304347826,0.459221369707303,0.444779051342997,0.226909288658001,0.223476922272536,66.0436870299079,83.4310082127135,52.056685690256,65.4638013882835,95.2590890829519,146.013551734071,76.555753721666,76.3377112830131,0.0860215053763441,81.7757200457567,22.0976094150255,0.245322072921781,0.0322046510707906,0.265140401544548,0.546794899945965,0.000627545812483397,0.0095065307001126,0.0665003816431186,0.161875102953002,0.00132793934494522,0.011782756245239,0.722473276007428,0.177930621996891,0.758513819813695
"Carson Clowers",118,110,0.215659380672005,0.15861642653906,0.222596434956088,0.271186440677966,0.0677966101694915,2,1.0458810237854,12.8515488383705,3.20059625976427,0.349780797376347,0.194915254237288,0.136363636363636,0.245454545454545,0.440369799691834,0.438255815628093,0.201893251785305,0.208899825307862,65.5274795726188,74.2786923511835,57.209597261479,64.5036936539826,123.513903641455,100.972083233053,68.1157221599583,71.3583057671419,0.161764705882353,78.1405349022362,24.5872539543825,0.221663639604331,0.0319928041393769,0.26248165292851,0.497512034022098,0.000377679904718299,0.0174266160086644,0.0238298359046258,0.194954061405128,0.00104926665808258,0.00800137328312467,0.746343556256292,0.22220201713601,0.772165462749039
