"Batter","Total_PA","Total_AB","Walks","xOBP","xBA","xSLG","K_percentage","BB_percentage","Strikeouts","Hits","Singles","Doubles","Triples","HomeRuns","xHomeRuns","x1B","x2B","x3B","Errors","OBP","BA","SLG","OPS","xOPS","wOBA","xWOBA","xBA_plus","xOBP_plus","xSLG_plus","xOPS_plus","K_percentage_plus","BB_percentage_plus","wOBA_plus","xWOBA_plus"
"Carson Mccusker",146,138,7,0.375330804545904,0.346364474374652,0.75791267700944,0.164383561643836,0.0479452054794521,24,54,31,8,0,15,15.0286830073381,22.0841279758284,9.6633700194844,1.02211646105101,3,0.417808219178082,0.391304347826087,0.77536231884058,1.19317053801866,1.13324348155534,0.476741654769772,0.446247001048532,152.034184971722,137.086544227495,207.479752751671,177.322560411655,76.7532243810687,76.1073892610739,154.830853588968,161.752438849853
"Matthew Warkentin",235,225,9,0.343986340788592,0.319274622601418,0.730469817847483,0.285106382978723,0.0382978723404255,67,65,34,12,1,18,24.9104132345998,30.7029839170011,14.6591066408711,1.56428629284701,2,0.314893617021277,0.288888888888889,0.591111111111111,0.906004728132388,1.07445615863607,0.363595807143447,0.420677988541461,140.14329014833,125.638232058307,199.967228147664,168.123902939137,133.120574626882,60.7933796286025,118.08460330276,152.484365064968
"Josh Rehwaldt",165,153,11,0.346449660687157,0.301726758257392,0.71940477267017,0.266666666666667,0.0666666666666667,44,39,20,9,0,10,17.6990968466541,18.6212841106803,8.88018044690055,0.963632609146088,2,0.303030303030303,0.254901960784314,0.509803921568627,0.81283422459893,1.06585443335733,0.334761499188054,0.417975281410622,132.440781805478,126.537939751178,196.938155132771,166.777960981199,124.510786218178,105.825512686827,108.720117383155,151.504707008146
"Brendon Dadson",192,161,29,0.402648559180998,0.300052940141315,0.511519576312203,0.145833333333333,0.151041666666667,28,46,24,18,1,3,6.92035663004304,29.1770092999169,11.1372563321994,1.07390110059227,0,0.390625,0.285714285714286,0.46583850931677,0.85646350931677,0.914168135493201,0.378948799388872,0.396780836624576,131.706071429859,147.064133419809,140.029265165033,143.043076859283,68.0918362130662,239.760927181091,123.070777409262,143.822295415113
"Andrew Czech",263,222,39,0.375558994852261,0.269243313721372,0.57034369281483,0.269961977186312,0.14828897338403,71,51,28,11,0,12,17.4058661317617,29.0220475501987,12.061518164906,1.28258379927821,1,0.342205323193916,0.22972972972973,0.441441441441441,0.783646764635358,0.945902687667091,0.343847752544064,0.395724463893095,118.182408385328,137.169888893443,156.132456888859,148.008692930834,126.049417606806,235.391349512523,111.671049715082,143.439388941231
"Anthony Brocato",275,258,16,0.335350734803497,0.295431984771169,0.650356809284794,0.269090909090909,0.0581818181818182,74,67,28,14,3,22,24.1566572286378,34.6720841122599,15.684788421526,1.70792230853792,2,0.301818181818182,0.25968992248062,0.593023255813954,0.894841437632135,0.985707544088291,0.356283582605784,0.39275478483226,129.677736437481,122.484146735523,178.036169711796,154.237097657891,125.642702456525,92.3568110721395,115.709820324446,142.362960798157
"Trey Hair",138,127,9,0.335284564526416,0.293458818146814,0.605272058777641,0.22463768115942,0.0652173913043478,31,36,23,6,0,7,10.1264930415272,18.7299508094563,7.60484967179041,0.807976381871568,3,0.326086956521739,0.283464566929134,0.496062992125984,0.822149948647723,0.940556623304057,0.343064998454287,0.378221392338129,128.811629195713,122.45997857638,165.694150410834,147.172175592409,104.886803607704,103.5249580632,111.416835545505,137.095000060798
"Brennan Price",265,242,22,0.349050300167752,0.291315411340721,0.560723453713172,0.264150943396226,0.0830188679245283,70,65,30,16,1,18,15.3478332043114,37.6097535671675,15.9282389047518,1.61250386822373,0,0.328301886792453,0.268595041322314,0.566115702479339,0.894417589271792,0.909773753880925,0.365921235498138,0.37650992140131,127.870796255454,127.48780231204,153.498901743562,142.355472640422,123.336156159516,131.782713911897,118.839830066594,136.474638249064
"Aaron Altherr",283,264,19,0.328932560585004,0.280636040324076,0.600840130828286,0.293286219081272,0.0671378091872792,83,70,40,14,1,15,21.3316786705951,34.0243447235173,16.9249386215612,1.80695262988239,2,0.314487632508834,0.265151515151515,0.496212121212121,0.810699753720955,0.92977269141329,0.338272048636799,0.375920398869619,123.183163462115,120.139960451832,164.480903366631,145.48477615416,136.939866467873,106.573396168712,109.860234598165,136.260952314965
"James Nelson",157,144,12,0.344358841957769,0.292113459634512,0.568838295878176,0.229299363057325,0.0764331210191083,36,57,35,12,1,9,9.69075696177474,22.5083988465308,8.9542592243651,0.910923154699124,1,0.439490445859873,0.395833333333333,0.680555555555556,1.12004600141543,0.913197137835945,0.462537691422286,0.375296645272172,128.221093791405,125.774285101076,155.720352178534,142.891141468927,107.063414900981,121.328613271521,150.217848311509,136.034858547632
"Pat Kivlehan",306,291,11,0.316089206180652,0.294581776945978,0.614828384292672,0.196078431372549,0.0359477124183007,60,81,39,18,2,22,23.2692621650042,41.0990952894121,19.3259030308513,2.02903660601201,2,0.300653594771242,0.278350515463918,0.580756013745705,0.881409608516946,0.930917590473324,0.350560717478682,0.369452629851412,129.304543851859,115.449029011468,168.310209114188,145.663922503592,91.5520486898368,57.062776448779,113.851211822884,133.916561405549
"Ruben Castro",243,203,36,0.385462445599547,0.284075735372857,0.445308850681836,0.123456790123457,0.148148148148148,30,63,45,14,0,4,5.69595060485311,37.5193555101909,13.2616657381284,1.19040242751755,0,0.407407407407407,0.310344827586207,0.438423645320197,0.845831052727605,0.830771296281384,0.380811555505168,0.369029909170626,124.692992766165,140.787044273255,121.903977912283,129.993682532318,57.6438825084158,235.167805970726,123.675742628115,133.763336619929
"Peter Zimmermann",256,229,25,0.347935495590443,0.279788152275779,0.535744283941283,0.22265625,0.09765625,57,73,42,14,0,17,13.8979798629231,34.6836650617238,14.0596693303815,1.43017261612493,0,0.3828125,0.318777292576419,0.602620087336245,0.985432587336245,0.883679779531726,0.407898510363922,0.36887007629275,122.810989125809,127.080628946194,146.660815872425,138.272457455931,103.961642789592,155.017840849844,132.472742638387,133.705401535224
"Alex Toral",152,131,21,0.357799086757436,0.254850848756719,0.476057426939504,0.256578947368421,0.138157894736842,39,24,13,5,0,6,6.65277547238101,18.4718591660944,7.50191777250794,0.758908776146882,0,0.296052631578947,0.183206106870229,0.358778625954198,0.654831257533146,0.833856513696939,0.295419794282601,0.36202018593148,111.864939815303,130.683225936313,130.321447619452,130.476437262839,119.80067423953,219.309450633884,95.9431559173097,131.222501999348
"Kyle Crowl",290,255,33,0.341256806177902,0.258684210947418,0.516319762392535,0.286206896551724,0.113793103448276,83,63,37,11,0,15,15.9072448098279,33.6438628397959,14.8514010949143,1.56196504705346,4,0.331034482758621,0.247058823529412,0.466666666666667,0.797701149425287,0.857576568570437,0.341645051098852,0.360498981905602,113.547566468676,124.641291592465,141.343323434964,134.187996986528,133.6344214152,180.633202689583,110.955680832268,130.671106784151
"Bren Spillane",251,232,18,0.319671748854556,0.268265555872817,0.553911957236404,0.294820717131474,0.0717131474103586,74,51,24,13,2,12,16.7245339696366,30.8272236147471,13.275339548777,1.4105118293328,4,0.274900398406374,0.219827586206897,0.448275862068966,0.72317626047534,0.87358370609096,0.30087008975153,0.356779554716486,117.753228637973,116.757523781321,151.634244181103,136.692689628664,137.656347312926,113.836208866307,97.7132422760817,129.322915272387
"Oraj Anu",278,259,18,0.321763334810851,0.275869525395431,0.52759415231142,0.237410071942446,0.0647482014388489,66,72,47,12,0,13,15.5717457428953,38.9605958305634,15.3542898653604,1.56357563859741,2,0.323741007194245,0.277992277992278,0.474903474903475,0.798644482097719,0.849357487122271,0.337372532559053,0.35058274426144,121.090936152601,117.521458654853,144.429704892556,132.901928643456,110.850430176256,102.780174192242,109.56809976845,127.076739495656
"Jakob Goldfarb",269,248,19,0.31273390146759,0.262602497962829,0.54822231087909,0.230483271375465,0.0706319702602231,62,67,38,17,0,12,17.9850022988033,31.7550963718382,13.8919349414573,1.49338588268277,1,0.319702602230483,0.270161290322581,0.483870967741935,0.803573569972419,0.86095621234668,0.337619519792194,0.350483471432683,115.267470260624,114.223531071057,150.07669480204,134.716821636691,107.616199984113,112.119966973032,109.648313535697,127.040755786802
"Marc-antoine Lebreux",269,233,35,0.355434263317894,0.260136552929242,0.42020724696914,0.215613382899628,0.130111524163569,58,59,36,12,5,6,7.55997412706683,39.5744574748935,12.3382211310105,1.13916409954263,3,0.349442379182156,0.253218884120172,0.424892703862661,0.774335083044817,0.775641510287034,0.341514153335682,0.345201572488852,114.185061494416,129.819493279391,115.03237556288,121.367332620252,100.673219339977,206.536781266111,110.91316931224,125.126210627023
"Joe Deluca",257,241,13,0.299783739864222,0.265744486079274,0.557257074346302,0.299610894941634,0.0505836575875486,77,55,28,13,0,14,18.3289248132462,31.8064102831073,12.5504127648879,1.35867328386369,2,0.264591439688716,0.228215767634855,0.45643153526971,0.721022974958425,0.857040814210524,0.29541196243055,0.343966192070244,116.64662325643,109.4935891641,152.549975098319,134.104165633074,139.892955332681,80.2956224666583,95.9406123754857,124.678418719968
"Noah Myers",282,251,30,0.33690130491956,0.25898871708094,0.461265091659521,0.24468085106383,0.106382978723404,69,73,36,19,5,13,11.1744878292508,37.9927137022119,14.4300263802354,1.40894007561802,5,0.365248226950355,0.290836653386454,0.561752988047809,0.927001214998163,0.798166396579081,0.386152700552278,0.343517214162993,113.681227237184,123.05047994404,126.27202324695,124.891880147148,114.245269269339,168.87049896834,125.410380326568,124.515676401662
"Dakota Phillips",283,259,22,0.321307391473755,0.266138964428852,0.494222294991317,0.303886925795053,0.0777385159010601,86,68,33,24,0,11,13.3396458360184,38.125686461219,15.874673872047,1.5899856177882,0,0.318021201413428,0.262548262548263,0.482625482625483,0.80064668403891,0.815529686465072,0.337126985229266,0.341165516394611,116.819776679498,117.354929034344,135.294107988491,127.608774680288,141.889500195627,123.40077451114,109.488353637003,123.663249721865
"Sicnarf Loopstok",224,210,10,0.315901392300921,0.289342437501935,0.513937112662386,0.1875,0.0446428571428571,42,54,35,12,0,7,10.1886406085186,35.339097701753,13.8693871721302,1.36478639300449,3,0.285714285714286,0.257142857142857,0.414285714285714,0.7,0.829838504963307,0.294963146263495,0.340340150619155,127.004773635519,115.380431509162,140.691069432754,129.847725421121,87.5466465596565,70.8652986742142,95.7948508512841,123.364077006284
"Aj Wright",286,275,10,0.30844165899067,0.284415688986661,0.520197930105146,0.258741258741259,0.034965034965035,74,76,46,21,1,8,14.5105575817294,44.1818337332559,17.7354027502975,1.78652040604888,2,0.300699300699301,0.276363636363636,0.447272727272727,0.747972027972028,0.828639589095817,0.314441669815611,0.33949895841723,124.842212950181,112.655824181506,142.404977768702,129.660126873411,120.810290823582,55.5028912693146,102.120869142435,123.059167640209
"Jamey Smart",299,284,10,0.322185588722293,0.303991165591428,0.487599784579338,0.17056856187291,0.0334448160535117,51,92,64,21,0,7,9.66386665990096,55.3217407921592,19.5425193389473,1.80536423695817,0,0.341137123745819,0.323943661971831,0.471830985915493,0.812968109661312,0.809785373301631,0.34374184984759,0.336347244755952,133.434727053748,117.675683484803,133.481185649873,126.709941962936,79.6410965358748,53.0897220836923,111.636655814888,121.916756889951
"David Glaude",292,258,30,0.341704547271812,0.270456309315384,0.423872265893374,0.188356164383562,0.102739726027397,55,63,37,15,3,8,7.3522291153267,46.2959544822236,14.7344589604959,1.39508524532271,3,0.318493150684932,0.244186046511628,0.418604651162791,0.737097801847722,0.765576813165185,0.319261538901572,0.334880702343519,118.714844042428,124.804825409912,116.035680090297,119.79247435505,87.9464029366412,163.087262702301,103.686212630464,121.385175027596
"Juan Kelly",275,253,21,0.324888769440465,0.270136014213944,0.452672642366297,0.167272727272727,0.0763636363636364,46,61,40,12,1,8,9.39593901064148,42.3940729702367,15.1148493398788,1.43955027537098,2,0.298181818181818,0.241106719367589,0.391304347826087,0.689486166007905,0.777561411806762,0.299569376001497,0.33231627212625,118.574252820462,118.662998404304,123.919827131266,121.667746307829,78.1022204459481,121.218314532183,97.2908109274099,120.455638602861
"Malik Williams",140,133,6,0.303124306373534,0.273965435280412,0.50667294606603,0.164285714285714,0.0428571428571429,23,36,23,7,0,6,7.08543639089412,20.457966202754,8.09421083548832,0.799789463158272,2,0.3,0.270676691729323,0.458646616541353,0.758646616541353,0.809797252439563,0.317136386289961,0.332240249938849,120.255149545812,110.713704094655,138.702492733778,126.711800733083,76.7075379379847,68.0306867272456,102.996029195536,120.428082621106
"Josh Sears",277,255,21,0.308221288043076,0.252459987403655,0.488388250192194,0.28158844765343,0.075812274368231,78,64,42,12,0,10,14.0968367861727,33.9226561111221,14.8444111287153,1.51339276192202,3,0.306859205776173,0.250980392156863,0.415686274509804,0.722545480285977,0.79660953823527,0.31170115544334,0.332197877962213,110.815488488489,112.575335473177,133.69702931547,124.648273091633,131.477996277318,120.343092044586,101.230835357288,120.412723928401
"Steve Brown",268,242,22,0.317705400524613,0.260929947688414,0.453530097299132,0.175373134328358,0.082089552238806,47,64,42,13,1,8,10.2930296150221,38.4202317572371,13.1334245759467,1.29836139239037,4,0.32089552238806,0.264462809917355,0.425619834710744,0.746515357098803,0.771235497823745,0.321493201537168,0.327042065820429,114.533316394949,116.039330939075,124.154556728562,120.677908481563,81.8844256378877,130.307534278555,104.410987206663,118.543881815791
"Jairus Richards",310,274,35,0.332591706451871,0.248552660584234,0.405790400475067,0.216129032258065,0.112903225806452,67,79,54,9,0,16,8.58157832889366,43.5747025827525,14.5558904334607,1.39125765497328,2,0.367741935483871,0.288321167883212,0.496350364963504,0.864092300447375,0.738382106926938,0.37149678916614,0.326709808025716,109.100395595428,121.476433919072,111.085741818935,115.53722381243,100.913983991346,179.220626324464,120.650596390474,118.423447373665
"Alec Craig",317,264,46,0.356059874763863,0.253299167803578,0.345765466963811,0.16403785488959,0.145110410094637,52,61,47,10,2,2,2.93993405653672,49.467566127053,13.3356594244185,1.12782069213642,1,0.337539432176656,0.231060606060606,0.306818181818182,0.644357613994838,0.701825341727675,0.304687706302787,0.32579902336496,111.183840665418,130.047992805991,94.6538246052111,109.817059248497,76.5918085569234,230.34575316691,98.9530853302658,118.093312628114
"Ray Zuberer",273,247,24,0.316973490625065,0.253173129314343,0.443180200304956,0.197802197802198,0.0879120879120879,54,63,34,19,0,10,9.8432993455364,36.7233999605712,14.5322787709982,1.434784863537,1,0.318681318681319,0.255060728744939,0.453441295546559,0.772122614227877,0.760153690930021,0.329830233753411,0.325241210729632,111.128516980676,115.772006761044,121.321256620917,118.943899502587,92.3569018651321,139.550126619991,107.118595827653,117.8911206717
"Ian Walters",233,219,12,0.293122262012713,0.257066150908503,0.49090652831514,0.223175965665236,0.0515021459227468,52,52,30,11,1,10,11.9774412765741,30.3615300910572,12.6383125403303,1.32020314100047,1,0.274678111587983,0.237442922374429,0.4337899543379,0.708468065925882,0.784028790327853,0.295036610478269,0.322001927077993,112.837330698405,107.060538193994,134.386411797329,122.679719583808,104.204306062424,81.7536149511965,95.8187097420854,116.716968174209
"Juremi Profar",353,330,21,0.310961811896689,0.268998544241004,0.44719483941039,0.15014164305949,0.0594900849858357,53,79,49,16,0,14,11.5763763802536,55.0400002080208,20.2306377573769,1.92250525387998,2,0.28328611898017,0.239393939393939,0.415151515151515,0.698437634131685,0.758156651307079,0.29620029484081,0.321257872810795,118.07496858937,113.576289671219,122.420270206848,118.631415746936,70.1034525803482,94.4335311511342,96.1966382099628,116.447268675785
"Juan Santana",289,275,12,0.298863227734433,0.270441719328186,0.470829651174615,0.114186851211073,0.041522491349481,33,64,47,9,4,4,11.5509439011725,44.0215908987873,17.1440264763321,1.65491153895922,2,0.262975778546713,0.232727272727273,0.338181818181818,0.601157596728531,0.769692878909047,0.259277196868933,0.319528684182842,118.7084398729,109.157379545109,128.890336020396,120.43652951919,53.3156048252579,65.9120840263972,84.2051650107191,115.820484681393
"Jonathan Lacroix",138,117,20,0.342545390955382,0.233087726084126,0.344679291792554,0.159420289855072,0.144927536231884,22,19,12,7,0,0,2.22601702849068,19.1671974430184,5.37793685825321,0.500112622080453,0,0.282608695652174,0.162393162393162,0.222222222222222,0.504830917874396,0.687224682747936,0.253045713925197,0.318975077731144,102.312174266985,125.111936772529,94.3564824933643,107.532443209557,74.4357961086934,230.055462362666,82.1813732701595,115.619817352504
"Gavin Stupienski",283,258,24,0.316196932654632,0.253812914501011,0.411372472688817,0.212014134275618,0.0848056537102474,60,68,52,5,1,10,8.03444714953993,42.2099230557877,13.931698908032,1.30766282790113,1,0.325088339222615,0.263565891472868,0.406976744186047,0.732065083408661,0.727569405343449,0.319953944175416,0.31640082002303,111.409346068554,115.488375235814,112.613842611919,113.845322680009,98.9926745550886,134.619026739426,103.911084316222,114.686718728789
"Gaige Howard",306,260,39,0.337518990238496,0.247233888511461,0.355583111530352,0.202614379084967,0.127450980392157,62,70,40,23,1,6,4.3637165609017,45.9536662190361,12.8472081638773,1.11622006916467,0,0.356209150326797,0.269230769230769,0.434615384615385,0.790824534942182,0.693102101768848,0.347381182101957,0.315576673114229,108.521530116774,123.276084516772,97.3414197979806,108.452103464713,94.6037836461647,202.31348013658,112.81859767753,114.387987819324
"Dalton Combs",243,216,20,0.329141404861502,0.277691487876597,0.385531057633998,0.123456790123457,0.0823045267489712,30,69,53,6,3,7,3.01884808827759,43.7699694922404,12.1482847988878,1.04425900193909,2,0.366255144032922,0.319444444444444,0.472222222222222,0.838477366255144,0.7146724624955,0.357704900613798,0.313952055150499,121.890673427543,120.216239136662,105.539715777832,111.827293046923,57.6438825084158,130.648781094848,116.171420182986,113.799107855503
"Will Riley",168,143,25,0.342033111944716,0.227003935711275,0.319091841960176,0.196428571428571,0.148809523809524,33,26,24,2,0,0,1.99338729093077,23.8170790283726,6.11378425401747,0.537312233391508,1,0.303571428571429,0.181818181818182,0.195804195804196,0.499375624375624,0.661124953904892,0.25896703106819,0.313263915542767,99.6417384131201,124.924831002361,87.3518790267548,103.448527599342,91.7155344910687,236.217662247381,84.104432810789,113.54967590513
"Jason Dicochea",302,292,5,0.294087742947146,0.287035953322048,0.466542376931213,0.175496688741722,0.0165562913907285,53,79,44,19,3,13,9.95925790963154,53.1337186413664,18.9049416730989,1.81658014594125,3,0.278145695364238,0.270547945205479,0.48972602739726,0.767871722761499,0.760630119878359,0.309651421582266,0.312745449033747,125.992359059594,107.413172305599,127.716688149101,119.01844800196,81.942115102195,26.281170369245,100.565145585553,113.361745852717
"Bryan Leef",136,125,9,0.284521665362184,0.237559571914057,0.476068793138228,0.389705882352941,0.0661764705882353,53,26,12,4,0,10,7.54286751464813,15.5755149439114,5.96807795231808,0.608486078379466,4,0.257352941176471,0.208,0.48,0.737352941176471,0.760590458500412,0.297717431506865,0.312583184189296,104.275058703387,103.919239747835,130.324559133711,119.01224204781,181.959696771051,105.04738391707,96.6893569868229,113.302929246067
"Justin Gideon",357,327,23,0.288789612951458,0.244947681417953,0.469090189581737,0.252100840336134,0.0644257703081232,90,77,43,13,2,19,17.8381475489949,44.1691089592602,16.4011131082582,1.68952220715721,4,0.280112044817927,0.235474006116208,0.46177370030581,0.741885745123738,0.757879802533195,0.305019060968364,0.312422436687556,107.518016021498,105.478073125941,128.414155752986,118.588096253614,117.709776886933,102.268352596513,99.0606990141105,113.24466263501
"Tucker Nathans",325,313,11,0.293685208236236,0.269800935069574,0.455905415981548,0.203076923076923,0.0338461538461538,66,89,55,21,1,12,11.6476447174814,51.3782347970589,19.5358579514692,1.88595521076716,2,0.307692307692308,0.284345047923323,0.472843450479233,0.780535758171541,0.749590624217784,0.325791891198139,0.31228817695538,118.427172249606,107.26614975434,124.80480384526,117.29105960922,94.8197525815356,53.7267987486965,105.80706783621,113.195997122261
"Nate Scantlin",351,331,18,0.312863915572212,0.277387415002557,0.402225282021313,0.148148148148148,0.0512820512820513,52,99,70,20,3,6,6.91262507017186,65.8631360375717,17.4954877435129,1.54398551458988,4,0.333333333333333,0.299093655589124,0.43202416918429,0.765357502517623,0.715089197593525,0.329407153008992,0.309142387800191,121.757202835156,114.271017672443,110.109785197871,111.892501041319,69.172659010099,81.4042405283281,106.981192367854,112.05573384483
"Wagner Lagrange",280,263,11,0.291118581814271,0.268111037672988,0.455191790079659,0.196428571428571,0.0392857142857143,55,67,33,18,1,15,9.72763323072245,42.4090067680893,16.7337876275811,1.64277528160298,2,0.278571428571429,0.254752851711027,0.501901140684411,0.780472569255839,0.74631037189393,0.314369305502695,0.30838557814193,117.685403989915,106.328710188366,124.609447664829,116.777787086299,91.7155344910687,62.3614628333085,102.097367465528,111.781410862981
"Pavin Parks",329,293,34,0.301962281102408,0.223022493114991,0.409110629321217,0.243161094224924,0.103343465045593,80,60,39,13,0,8,12.6316991186974,37.4706282670184,13.8577996416213,1.38546345535532,2,0.285714285714286,0.204778156996587,0.331058020477816,0.616772306192101,0.711072910423625,0.278284334120001,0.308330340823923,97.8941129349857,110.289283751869,111.994659535942,111.264058578683,113.535671323567,164.045627569245,90.3780917005143,111.761388832845
"Phillip Steering",249,229,19,0.30645580996857,0.250251077214733,0.405372832607884,0.21285140562249,0.0763052208835341,53,52,39,11,0,2,7.03713115955973,37.0158898038083,12.0974629312593,1.15701278754659,0,0.285140562248996,0.22707423580786,0.301310043668122,0.586450605917118,0.711828642576454,0.267419786377527,0.308285375053781,109.845903311329,111.930508868987,110.971431977619,111.382310624696,99.3836094813771,121.125586810223,86.8496246911911,111.745089960318
"Taylor Wright",256,244,9,0.293027327954157,0.270553262115837,0.445469094701524,0.203125,0.03515625,52,70,49,13,0,8,8.3019850318143,41.3772459474914,14.8980218984526,1.43774307850608,2,0.30859375,0.286885245901639,0.438524590163934,0.747118340163934,0.738496422655682,0.315420200254001,0.307808950340165,118.757400774103,107.025864296037,121.947844957384,115.55511119325,94.8422004396279,55.8064227059437,102.438665377613,111.572398918867
"Tj White",342,310,30,0.300863084837729,0.235145725853236,0.41236108934216,0.207602339181287,0.087719298245614,71,72,38,14,1,19,11.8651628498118,43.3016671520689,16.115415893114,1.6129291195084,1,0.298245614035088,0.232258064516129,0.467741935483871,0.765987549518959,0.713224174179888,0.320970554203138,0.30747456750716,103.215518405074,109.887811196119,112.884477930503,111.600674322422,96.9327392707308,139.244095640561,104.241247617004,111.451194207976
"Micah Yonamine",313,293,16,0.29691833797665,0.262578292787343,0.428486658257738,0.287539936102236,0.0511182108626198,90,80,49,20,1,10,9.5682986908698,49.0251474467856,16.7777322878554,1.56426136118059,5,0.306709265175719,0.273037542662116,0.450511945392491,0.75722121056821,0.725404996234388,0.318526255376523,0.306204573534918,115.256845573627,108.447024272989,117.298877046752,113.506650037066,134.256838174553,81.1441630825507,103.447415423058,110.990855826201
"Rodrigo Orozco",214,190,21,0.321267871292806,0.251322760298213,0.355564683092985,0.163551401869159,0.0981308411214953,35,53,36,11,1,5,2.94442952497022,34.6409259408745,9.35926122553576,0.806707765280105,2,0.345794392523364,0.278947368421053,0.426315789473684,0.772110181997049,0.676832554385792,0.337613772707357,0.304264325212126,110.316310862332,117.340494607519,97.3363749851091,105.906350636077,76.3646761268032,155.771198581076,109.646447061387,110.28756841486
"Blake Berry",299,264,28,0.317972327153714,0.254067143253638,0.365243901162353,0.140468227424749,0.0936454849498328,42,69,53,11,1,4,4.52999374830406,47.9676641327366,13.3914530328511,1.18461490506871,5,0.324414715719064,0.261363636363636,0.356060606060606,0.68047532177967,0.683216228316067,0.30475834680447,0.30346628336913,111.520937943766,116.136823733971,99.9860757128843,106.905226362762,65.5867853824851,148.651221834338,98.9760271669275,109.998299883967
"Kemuel Thomas-rivero",132,123,8,0.28317651597514,0.238856098444866,0.440522458096884,0.333333333333333,0.0606060606060606,44,26,13,9,0,4,5.7194069568295,16.6690372682183,6.3349704006318,0.655885483038972,2,0.257575757575758,0.211382113821138,0.382113821138211,0.639689578713969,0.723698974072025,0.272073637672575,0.302634857570539,104.844159662029,103.427934801089,120.593695632777,113.239702798566,155.638482772723,96.2050115334787,88.3610507670946,109.696930574305
"Alfredo Marte",150,145,5,0.2904519519394,0.265984777868345,0.42750364062696,0.206666666666667,0.0333333333333333,31,37,20,9,0,8,4.47448305354022,24.8800763811592,8.42968077304268,0.783552583167909,2,0.28,0.255172413793103,0.482758620689655,0.762758620689655,0.717955592566359,0.312868542197778,0.302537174053985,116.752097602126,106.08522901198,117.029774469145,112.341015860956,96.495859319088,52.9127563434133,101.609966246838,109.661522948033
"Gj Hill",216,199,16,0.281814206391809,0.225486776787089,0.436607360941477,0.351851851851852,0.0740740740740741,76,53,24,10,4,15,9.99504607785827,23.8887213364404,9.94834431951558,1.03975684681644,1,0.319444444444444,0.266331658291457,0.582914572864322,0.902359017308766,0.718421567333286,0.363272868231364,0.301992501705448,98.9757924585655,102.930362231278,119.521931807678,112.413928558098,164.285065148985,117.583902985363,117.979722793757,109.464093989311
"Tristan Peterson",195,179,15,0.298010572206661,0.240849506035189,0.399351042674045,0.235897435897436,0.0769230769230769,46,44,23,12,1,8,5.74240647275995,27.1467006045491,9.30135336590416,0.921601137085597,3,0.302564102564103,0.245810055865922,0.458100558659218,0.76066466122332,0.697361614880705,0.320562847186869,0.301523149352792,105.719151529651,108.84595400182,109.322957787261,109.118604338881,110.144157039158,122.106360792492,104.108837065688,109.293966486955
"Kona Quiggle",289,258,29,0.298685908693596,0.222171424854455,0.389167779384352,0.290657439446367,0.100346020761246,84,65,31,18,4,12,9.08372064340455,33.7281709315627,13.1827745364644,1.32556150101775,3,0.325259515570934,0.251937984496124,0.492248062015504,0.817507577586438,0.687853688077949,0.343467356374384,0.300778556071082,97.520542667482,109.092615197926,106.535273910686,107.63086586757,135.712448646111,159.287536397126,111.547508876844,109.024071610385
"David Vinsky",302,281,20,0.293732947853619,0.244510143244814,0.407157342091192,0.218543046357616,0.0662251655629139,66,72,45,17,2,8,9.01345243197426,42.5266448370365,15.6710003856548,1.49625259712733,1,0.304635761589404,0.256227758007117,0.416370106761566,0.72100586835097,0.700890289944811,0.309555247459287,0.300610570859047,107.325961799808,107.283586263922,111.459944173827,109.670748434489,102.041124466884,105.12468147698,100.533911223284,108.963181525581
"Will Zimmerman",163,143,20,0.313968354362275,0.2180198724549,0.338380771729894,0.288343558282209,0.122699386503067,47,30,16,11,0,3,3.25753617535845,21.0608581341078,6.27789483292026,0.580552618664225,1,0.306748466257669,0.20979020979021,0.34965034965035,0.656398815908018,0.652349126092168,0.298643935576482,0.299070736342623,95.698248719544,114.674405018237,92.6322530076422,102.075343210628,134.632061784993,194.770882245693,96.9902566764497,108.405033262687
"Chase Dawson",336,319,16,0.308455843251445,0.274737189130048,0.369332095330705,0.0892857142857143,0.0476190476190476,30,94,66,18,7,3,3.59126399771642,66.0337898491118,16.6302358864542,1.38587359920305,2,0.327380952380952,0.294670846394984,0.423197492163009,0.750578444543962,0.67778793858215,0.322279770562465,0.297267917987069,120.593905325371,112.661004868165,101.105225109616,106.055842933745,41.6888793141221,75.5896519191618,104.666440348579,107.751560488351
"Kenen Irizarry",221,200,20,0.314791891259093,0.247845039841298,0.338807255454877,0.158371040723982,0.0904977375565611,35,43,31,6,1,5,2.31176809012529,36.8251553473371,9.60703020925432,0.825054321542798,1,0.285067873303167,0.215,0.33,0.615067873303167,0.65359914671397,0.275853741439731,0.296216541059786,108.789790579958,114.975195216807,92.7490035786463,102.270938297503,73.9458854802528,143.654542108814,89.5887108363753,107.370464858042
"Junior Martina",307,290,15,0.294149960297009,0.259669095900627,0.392391868985601,0.214983713355049,0.0488599348534202,66,64,42,14,2,6,6.54237760170208,51.3377311489269,15.9853867315693,1.43854232898345,4,0.257328990228013,0.220689655172414,0.344827586206897,0.60215657643491,0.68654182928261,0.259513419079397,0.29502460922479,113.979874607154,107.435896690009,107.417873362586,107.425594745985,100.379216902277,77.5594148356221,84.281882633601,106.938421884531
"Mark Vierling",216,196,17,0.313033091728105,0.258240550067708,0.345672516526216,0.12962962962963,0.0787037037037037,28,51,35,10,0,6,2.06875098714357,38.3981985814254,9.36598402496647,0.78221421973526,2,0.314814814814815,0.260204081632653,0.403061224489796,0.717876039304611,0.658705608254321,0.311977280123154,0.294970845262693,113.352824729147,114.332807896683,94.6283792809734,103.069964146508,60.5260766338366,124.932896921948,101.320512060477,106.918933905965
"Brett Milazzo",238,216,21,0.316021278759262,0.250986409003261,0.328694085116831,0.113445378151261,0.0882352941176471,27,58,43,8,1,6,1.98222702537466,42.1459526362451,9.33159240176223,0.753292281322413,3,0.331932773109244,0.268518518518519,0.398148148148148,0.730080921257392,0.644715363876093,0.322034504153693,0.293988276563567,110.168671890164,115.424219069561,89.9805077546252,100.880861809446,52.9693995991199,140.063178556094,104.586785451536,106.562779392775
"Jeffrey Baez",235,215,16,0.281790960811382,0.233585468793836,0.413945113426663,0.234042553191489,0.0680851063829787,55,54,36,6,3,9,8.47331678198277,29.498390674353,11.1409634185684,1.10820491577059,2,0.297872340425532,0.251162790697674,0.432558139534884,0.730430479960416,0.695736074238045,0.307240746945411,0.293805472471754,102.530654835274,102.921871970818,113.318106942624,108.864250324495,109.278083648933,108.077119339738,99.7822334820793,106.496517865833
"Scotty Dubrule",262,234,23,0.31679688984693,0.256413611708956,0.329437115091527,0.110687022900763,0.0877862595419847,29,61,49,11,0,1,1.53532945310828,46.8358813445594,10.7776372522594,0.851937089968728,3,0.320610687022901,0.260683760683761,0.320512820512821,0.641123507535721,0.646234004938457,0.293362344902041,0.293169114892403,112.550903328669,115.70750475351,90.183913344891,101.118488873628,51.6814809207132,139.35038884334,95.2749603849474,106.265855496789
"Zach Racusin",136,128,7,0.30748699788773,0.272017435255713,0.356403597771261,0.154411764705882,0.0514705882352941,21,36,28,6,0,2,1.2441273889728,26.9912358751032,6.09669026223892,0.486178186416373,0,0.316176470588235,0.28125,0.375,0.691176470588235,0.663890595658991,0.303558552203479,0.292868974519263,119.400089001238,112.307141925945,97.5660291594068,103.881277211407,72.0972383432465,81.7035208243881,98.5863712173281,106.157062749188
"Cito Culver",353,321,31,0.294708996224945,0.227514877468553,0.369568564111684,0.203966005665722,0.0878186968838527,72,91,62,17,0,12,8.81127429822343,46.56883641642,16.1389193877496,1.51324556501255,0,0.345609065155807,0.283489096573209,0.448598130841121,0.794207195996929,0.664277560336629,0.34463784254301,0.292596835043589,99.86601260803,107.640080046482,101.169958799524,103.941826924284,95.2348789770767,139.401879318341,111.92764635967,106.058419567735
"Thomas Walraven",312,298,11,0.271852693513436,0.247711544886551,0.424553614991339,0.166666666666667,0.0352564102564103,52,74,30,27,2,15,10.3935175871343,43.6735243719302,17.9836127044311,1.76738571269649,4,0.272435897435897,0.248322147651007,0.503355704697987,0.775791602133884,0.696406308504775,0.312905110950277,0.289579444661773,108.731193933523,99.2920001271449,116.222200446363,108.969124218046,77.8192413863613,55.9654153632256,101.621842639654,104.964697364394
"Jiandido Tromp",238,221,17,0.2967556501195,0.242659930897924,0.357610002711335,0.210084033613445,0.0714285714285714,50,52,44,5,0,3,4.25646214737404,37.686253566463,10.7356786005665,0.949450414037631,2,0.289915966386555,0.235294117647059,0.298642533936652,0.588558500323206,0.654365652830835,0.268897532197055,0.289403936578275,106.513824450294,108.387603847449,97.8962843540719,102.390876183249,98.0914807391109,113.384477878743,87.3295505469158,104.901080442652
"Manny Garcia",236,224,7,0.271957018928465,0.25527614494249,0.430289887848211,0.165254237288136,0.0296610169491525,39,49,29,12,1,7,8.02757656303715,35.2707002666472,12.6468105530967,1.2367690843367,1,0.23728813559322,0.21875,0.375,0.61228813559322,0.702246906776677,0.253211579546238,0.289369787501405,112.051620505036,99.330104142185,117.792513900884,109.88302300217,77.1597562898667,47.0833848818508,82.2352412622467,104.888702328165
"Willie Estrada",166,152,10,0.286650462431641,0.247263005024029,0.389866878898272,0.216867469879518,0.0602409638554217,36,34,19,8,1,6,4.01921766077011,24.7124897556137,8.08640284796252,0.765866499306042,1,0.265060240963855,0.223684210526316,0.407894736842105,0.672954977805961,0.676517341329913,0.2806943911662,0.288680424398179,108.534310599719,104.696765679837,106.726653470228,105.857028149733,101.258771924422,95.6254632712288,91.1608032297625,104.638826893848
"Austin Markmann",222,204,18,0.290866787436751,0.228296209857641,0.361485659982971,0.247747747747748,0.0810810810810811,55,49,23,16,1,9,5.15905359138677,30.6482750311755,9.83670932538598,0.928388863010507,2,0.301801801801802,0.240196078431373,0.46078431372549,0.762586115527292,0.652352447419722,0.322061565170974,0.287817243337517,100.208972818315,106.236744326113,98.9572514507593,102.075862910335,115.677250709456,128.706704619113,104.595574027828,104.32594716266
"Jason Agresti",178,163,14,0.288633558944449,0.229305358847313,0.365788507962442,0.191011235955056,0.0786516853932584,34,35,24,8,0,3,4.27824331613888,24.4346563408439,7.91572431290913,0.748149522220126,2,0.275280898876405,0.214723926380368,0.319018404907975,0.59429930378438,0.654422066906891,0.266550917835102,0.286851684029381,100.651931480392,105.421075660573,100.135162656086,102.399703490507,89.1860968697624,124.850323956368,86.5674432272171,103.975958092531
"D.j. Stewart",301,283,13,0.283512856082624,0.255609080144417,0.387395843232995,0.152823920265781,0.0431893687707641,46,82,50,17,1,14,6.25886631041852,48.9873579512604,15.6632358155701,1.42790960362099,2,0.315614617940199,0.289752650176678,0.50530035335689,0.82091497129709,0.670908699315619,0.338023833458037,0.285685256633034,112.197760007837,103.550780308203,106.050203683301,104.979424370321,71.355849244637,68.5580563917979,109.779622032393,103.553159786532
"Ricardo Sanchez",260,243,13,0.285393881762293,0.251861766494634,0.380781363043278,0.173076923076923,0.05,45,56,36,16,0,4,5.10167905621439,41.3323706299935,13.5142943512992,1.25406522068902,5,0.265384615384615,0.230452674897119,0.345679012345679,0.611063627730294,0.66617524480557,0.26462428192448,0.285636444800876,110.552903740154,104.237809741721,104.239479630289,104.238764232429,80.8122891319906,79.3691345151199,85.9417318390632,103.535466820803
"Melvin Novoa",145,138,6,0.276128976525541,0.246657257943504,0.39887449105332,0.23448275862069,0.0413793103448276,34,31,14,9,2,6,3.95967038095588,21.680815011149,7.66946538191013,0.728750822188468,1,0.255172413793103,0.22463768115942,0.449275362318841,0.704447776111944,0.675003467578862,0.286843542051075,0.285547834035795,108.268422292748,100.853877951102,109.192501053338,105.620147043382,109.48362236426,65.6848009780303,93.1578560797223,103.503347820952
"Daniel Robinson",215,192,23,0.311408383918129,0.228920846574988,0.298066421388723,0.2,0.106976744186047,43,47,39,7,1,0,1.34988045516064,34.0127824202923,7.95397033513423,0.636169331810519,5,0.325581395348837,0.244791666666667,0.291666666666667,0.617248062015504,0.609474805306852,0.291758799151249,0.285321375291611,100.48315259497,113.739396494391,81.59613803707,95.366648687957,93.3830896636336,169.813031985838,94.7541786263573,103.421262666128
"Gabe Holt",162,144,15,0.311625846192746,0.246412410300172,0.306601413635381,0.0679012345679012,0.0925925925925926,11,52,42,6,1,3,0.811121165004828,28.8573052785869,5.3960682940106,0.418892345622468,1,0.41358024691358,0.361111111111111,0.479166666666667,0.892746913580247,0.618227259828126,0.390392765711172,0.284481777198264,108.160948187722,113.818822833412,83.9326051985131,96.7361757762301,31.7041353796287,146.979878731704,126.787421542195,103.116931121191
"Travis Holt",232,214,15,0.296735311936888,0.251600898922233,0.346719649356245,0.150862068965517,0.0646551724137931,35,47,35,10,1,1,2.76914030910494,39.9141837368887,10.270544981165,0.888723342199376,2,0.267241379310345,0.219626168224299,0.289719626168224,0.556961005478569,0.643454961293133,0.251166298817614,0.284398273746766,110.438397802941,108.380175490553,94.9150334922867,100.683642220896,70.4398305652408,102.632501528172,81.5709977293529,103.08666338404
"Kyle Fitzgerald",218,198,16,0.283576457300288,0.231412463088196,0.374543744550727,0.261467889908257,0.073394495412844,57,38,21,10,1,6,5.64409743594663,29.6947810308308,9.55387702762993,0.926912197055567,3,0.247706422018349,0.191919191919192,0.343434343434343,0.591140765452692,0.658120201851015,0.254704121789844,0.284366612978183,101.576829671789,103.574010139149,102.531922042388,102.978363564633,122.083397037319,116.505151581827,82.7199725360575,103.075187213842
"Peyton Isaacson",294,273,20,0.289285390232437,0.238278039297935,0.357583426266174,0.238095238095238,0.0680272108843537,70,72,53,15,0,4,5.767131404109,45.1770439155493,12.9424823873541,1.16324702132396,4,0.312925170068027,0.263736263736264,0.362637362637363,0.67556253270539,0.64686881649861,0.300183311992673,0.284288265069747,104.590424773577,105.659151772652,97.8890090116238,101.217820052723,111.170344837659,107.985217027374,97.4901982320679,103.04678822127
"Jackson Pritchard",134,116,17,0.296722527033097,0.196213953641681,0.317902416359547,0.328358208955224,0.126865671641791,44,21,17,1,0,3,2.63295068004487,14.4134320587776,5.21186213208718,0.502573751525345,1,0.283582089552239,0.181034482758621,0.267241379310345,0.550823468862584,0.614624943392644,0.262058273453619,0.28320123970845,86.1266981143242,108.375505907728,87.0262719521922,96.1725087583744,153.315520343279,201.384371157767,85.1083721401886,102.652771000161
"Blake Grant-parks",142,136,4,0.273763242095184,0.256429267481736,0.399988588677386,0.274647887323944,0.028169014084507,39,34,24,9,0,1,3.53099097862247,23.1027367068953,7.5502106372557,0.690442054742618,3,0.267605633802817,0.25,0.338235294117647,0.605840927920464,0.67375183077257,0.261938355605627,0.28260581781173,112.557775317082,99.9898125621445,109.497486979282,105.424299066482,128.237341439497,44.7150053606309,85.0694265549238,102.436946706187
"Jack Harris",295,280,13,0.264411645207253,0.232147983343355,0.405115927461934,0.31864406779661,0.0440677966101695,94,71,41,18,5,7,10.4074611440759,38.7832543761673,14.4127987108183,1.39792110507791,4,0.284745762711864,0.253571428571429,0.428571428571429,0.713317191283293,0.669527572669186,0.298345051102868,0.280554076461089,101.89968097669,96.5742173462759,110.901103801591,104.763314666463,148.779837769179,69.9524575387497,96.893188300504,101.693246095146
"Brian Fuentes",304,282,17,0.272996664784991,0.234010588988075,0.376269954145984,0.240131578947368,0.0559210526315789,73,74,45,15,4,10,7.87755565836727,42.9425641629989,13.8572585471135,1.31360772615749,3,0.299342105263158,0.26241134751773,0.450354609929078,0.749696715192236,0.649266618930975,0.312721990507019,0.277341873824256,102.717258274795,99.7098263924383,103.004474555212,101.593012563061,112.12114383956,88.7681109708578,101.562370818269,100.528909731278
"Cole Brannen",273,238,28,0.30240729029543,0.229231891809464,0.29611738515294,0.172161172161172,0.102564102564103,47,48,39,6,2,1,1.69979169902892,42.7971800400708,9.30106470444495,0.759153807107758,1,0.278388278388278,0.201680672268908,0.256302521008403,0.534690799396682,0.59852467544837,0.251445829703611,0.276687629517797,100.619683654625,110.451819764586,81.0625863911205,93.6532436739866,80.384710882615,162.808481056656,81.6617806623112,100.291763908618
"Jackie Urbaez",205,193,8,0.270515744989339,0.245884599600075,0.378784728810344,0.209756097560976,0.0390243902439024,43,47,36,7,0,4,4.57331710972539,31.8894588673179,10.0561298831368,0.936821862634376,4,0.268292682926829,0.243523316062176,0.341968911917098,0.610261594843928,0.649300473799683,0.26331816974949,0.274856094025809,107.92926949217,98.8036904793391,103.692897959932,101.598309952456,97.9383623301523,61.9466415727765,85.5175472499605,99.6278819509284
"Jonathan Waite",124,109,14,0.287783811468782,0.198946721303936,0.310479298715744,0.25,0.112903225806452,31,22,15,4,0,3,2.32865390605851,14.6031140156134,4.33576018120247,0.417664519254582,3,0.290322580645161,0.201834862385321,0.321100917431193,0.611423498076354,0.598263110184527,0.278994429051501,0.274442709590116,87.3262267466935,105.110712259823,84.9941821612418,93.6123156447905,116.728862079542,179.220626324464,90.608708436588,99.478041301022
"Matt Feinstein",146,132,12,0.291138374557377,0.231107596101341,0.31637418365038,0.287671232876712,0.0821917808219178,42,24,20,4,0,0,1.49714210771144,22.7330235116746,5.78831089864335,0.487726167347699,3,0.246575342465753,0.181818181818182,0.212121212121212,0.458696554586966,0.607512558207757,0.219933433699817,0.274397971850431,101.443010509315,106.335939327889,86.6079159142694,95.0596090398715,134.31814266687,130.469810161841,71.427535084888,99.461825083354
"Robert Chayka",212,192,17,0.285186621535406,0.226351894612011,0.327013784147022,0.160377358490566,0.080188679245283,34,55,37,12,0,6,2.95563692276626,30.8429459222639,8.86178981852858,0.799191101947396,3,0.339622641509434,0.286458333333333,0.442708333333333,0.782330974842767,0.612200405682428,0.337669504205857,0.27350926487737,99.3555296809062,104.162109618215,89.5205227981261,95.7931328858567,74.8826662397062,127.290121392173,109.664546917773,99.1396929010028
"Craig Massey",232,208,23,0.294538858496863,0.217947188323424,0.290242396071308,0.133620689655172,0.0991379310344828,31,58,38,14,1,5,1.82696932378618,34.6143989011195,8.22679865253169,0.664848293834808,0,0.349137931034483,0.278846153846154,0.427884615384615,0.777022546419098,0.584781254568171,0.341526405748639,0.271992571752066,95.6663445448756,107.577938615768,79.4542991582359,91.5027626706041,62.3895642149276,157.369835676531,110.917148514682,98.5899327649608
"Gabriel Garcia",302,284,15,0.265969315993203,0.230009624753335,0.364752846640025,0.231788079470199,0.0496688741721854,70,67,44,14,2,7,7.00204863995231,42.4332591879146,14.5139221081974,1.37350349388286,2,0.271523178807947,0.235915492957746,0.373239436619718,0.644762615427665,0.630722162633228,0.275625287485596,0.270178983004555,100.961063914423,97.1431440171053,99.8516487875,98.6912968014616,108.225435040635,78.843511107735,89.5145161014059,97.932556015557
"Lane Baremore",199,186,11,0.280135900126755,0.240575506049592,0.327792761287494,0.251256281407035,0.0552763819095477,50,42,33,5,2,2,2.20181673158347,33.6291129660994,8.21526957558322,0.700844851958045,3,0.266331658291457,0.225806451612903,0.306451612903226,0.572783271194683,0.607928661414249,0.253636247038747,0.26868412210809,105.598881214493,102.317374426267,89.7337689799185,95.1247181599958,117.315439275922,87.7447718257607,82.3731600484466,97.390709470535
"Johnny Hipsman",130,114,13,0.283149127388294,0.208854268074371,0.307579438953527,0.261538461538462,0.1,34,33,27,3,1,2,1.89920168659822,16.777144017522,4.70901729228686,0.424023564071163,1,0.353846153846154,0.289473684210526,0.385964912280702,0.739811066126856,0.590728566341821,0.329952918637124,0.268239973590113,91.6750728604061,103.417931341004,84.2003411229135,92.4333592885724,122.116348021675,158.73826903024,107.158440060012,97.2297176749029
"Matt Mcgarry",260,240,14,0.263847016252371,0.227500934273402,0.360622927053197,0.273076923076923,0.0538461538461538,71,50,29,11,4,6,5.70507559130927,35.2458564105652,12.464532954261,1.18475926948105,1,0.246153846153846,0.208333333333333,0.3625,0.608653846153846,0.624469943305569,0.255649163667033,0.26671495825793,99.8598923432005,96.3679911818951,98.7210769937409,97.7129902349731,127.503833963807,85.4744525547445,83.0268927286996,96.6769409645062
"Kyle Gaedele",131,120,10,0.271113252873409,0.212631967720138,0.330346327833645,0.267175572519084,0.0763358778625954,35,36,20,5,0,11,2.44461034355495,16.8182061569382,5.71414706889076,0.538872557032609,2,0.351145038167939,0.3,0.616666666666667,0.967811704834606,0.601459580707053,0.392357580011474,0.266351148092384,93.3332668416136,99.0219254069913,90.4328117215187,94.1124785370199,124.748402222411,121.174251168122,127.425532083231,96.5450696434281
"Zach Biermann",289,274,14,0.261909921444245,0.22515316531893,0.35465630597657,0.186851211072664,0.0484429065743945,54,60,37,14,0,9,6.54530171597531,40.5240128635889,13.3973500433773,1.22530267444515,1,0.256055363321799,0.218978102189781,0.368613138686131,0.624668502007931,0.616566227420815,0.26643191732609,0.265509829754429,98.8293561135841,95.660482952166,97.0877053622935,96.4762682416313,87.2437169867857,76.89743136413,86.528795565106,96.2401145564615
"Liam Mcarthur",294,268,24,0.29035827643511,0.228975124148963,0.282415152290907,0.149659863945578,0.0816326530612245,44,80,65,13,0,2,1.04196722457659,49.8650798907984,9.72054644478326,0.737739711763929,1,0.353741496598639,0.298507462686567,0.369402985074627,0.723144481673266,0.572773428726017,0.326884098695503,0.265230941792835,100.506977344135,106.051014790801,77.3115792202444,89.6238562767322,69.8785024693857,129.582260432849,106.16178284259,96.1390252318324
"Abdiel Diaz",216,197,16,0.280685758646194,0.22653869983542,0.304759673178402,0.171296296296296,0.0740740740740741,37,50,36,9,1,4,2.21367121202769,34.2696529797558,7.52108123910428,0.623718436690002,4,0.305555555555556,0.253807106598985,0.370558375634518,0.676113931190073,0.585445431824595,0.29676815111037,0.264147434235123,99.4375264848243,102.518205808427,83.4284259358644,91.6066888026254,79.9808869804269,117.583902985363,96.3810602550099,95.746283119145
"Giovanni Garbella",208,194,11,0.254273911492763,0.2159225442809,0.366226208876091,0.317307692307692,0.0528846153846154,66,40,23,10,1,6,6.23245489350112,26.0640787298778,8.72333368326773,0.869106283847977,2,0.245192307692308,0.206185567010309,0.360824742268041,0.606017049960349,0.620500120368854,0.256557228933148,0.26337641750559,94.777641662114,92.8714920053613,100.254983949618,97.0918181929747,148.155863408649,83.9481230448384,83.3218040687524,95.4668104591541
"Todd Isaacs jr.",226,214,8,0.259943462896639,0.237136554274021,0.360581044901559,0.265486725663717,0.0353982300884956,60,52,40,8,1,3,4.79683538575095,34.8620060496908,10.1501475213572,0.938233657841573,3,0.265486725663717,0.242990654205607,0.331775700934579,0.597262426598296,0.620524507798198,0.258230367868833,0.263309448261323,104.089378164852,94.9422498538089,98.7096116907709,97.0956341791097,123.959853535797,56.1905377098194,83.8651875281021,95.442535923835
"Jeremiah Burks",240,224,13,0.267186836120182,0.228235895843052,0.333895146579613,0.270833333333333,0.0541666666666667,65,47,31,13,1,2,3.80377639240191,35.9933769146554,10.3990317357888,0.928655625997521,6,0.25,0.209821428571429,0.303571428571429,0.553571428571429,0.601081982699795,0.243935033605878,0.262380304134755,100.182498417132,97.5878334076736,91.4043062726843,94.0533944597292,126.456267252837,85.9832290580466,79.2225078207001,95.1057463697039
"Marcos Castillo",133,125,8,0.275565383540603,0.229201568087202,0.307072547564918,0.233082706766917,0.0601503759398496,31,32,25,4,1,2,1.19736016073759,21.7457039594516,5.27247182892032,0.434660061790691,1,0.300751879699248,0.256,0.352,0.652751879699248,0.582637931105521,0.288561175045669,0.261618126630133,100.606373275702,100.648030166374,84.0615788311999,91.167389372303,108.829916525287,95.4816655820991,93.7156898247806,94.8294776890866
"Edwin Mateo",311,289,20,0.275448038510237,0.227212249054269,0.307761630877574,0.186495176848875,0.0643086816720257,58,83,65,13,0,5,2.83882543397097,49.1311182566206,12.6264975271621,1.06789875893004,2,0.331189710610932,0.28719723183391,0.384083044982699,0.715272755593631,0.583209669387811,0.316111366782365,0.261589781957364,99.7331760508224,100.605170842012,84.2502164403495,91.2568512556062,87.0774791075683,102.082488122341,102.663134757388,94.8192035137128
"Andrew Penner",346,327,18,0.273366897475646,0.234204729439063,0.315299692732044,0.176300578034682,0.0520231213872832,61,104,71,21,2,10,3.07450353592431,57.4563916597929,14.8135602726806,1.24049105817575,3,0.352601156069364,0.318042813455657,0.486238532110092,0.838839688179456,0.58866659020769,0.356860475722552,0.261553909330786,102.802474823891,99.8450508917526,86.3137723845032,92.1107146905113,82.3174634318157,82.5806023856739,115.897177256245,94.8062006591878
"Chris Kwitzer",303,296,5,0.248907369432408,0.237901800466282,0.373973055430359,0.227722772277228,0.0165016501650165,69,73,49,15,3,6,7.14766096814575,45.9175903030883,15.8732547686417,1.48042689814385,0,0.257425742574257,0.246621621621622,0.378378378378378,0.635804120952636,0.622880424862767,0.266084632524323,0.260277883281714,104.425277455197,90.9114058717555,102.375695024179,97.4642727398481,106.327280310078,26.1944338333729,86.4160082687619,94.3436758131083
"Jaylen Smith",165,154,10,0.264926213867397,0.218914449922861,0.322079916108679,0.16969696969697,0.0606060606060606,28,36,30,2,2,2,2.83488620966592,24.065605007004,6.24184497928315,0.570489092167559,3,0.278787878787879,0.233766233766234,0.311688311688312,0.59047619047619,0.587006129976077,0.262950212391257,0.258945825875103,96.090917039472,96.7621593924194,88.1698688880425,91.8508966862397,79.2341366842952,96.2050115334787,85.3980461505925,93.8608411190913
"Luis Atiles",153,145,8,0.263665595488281,0.223040249032463,0.324485478041062,0.150326797385621,0.0522875816993464,23,34,26,5,0,3,2.25255689472367,22.7458475376452,6.73297583260037,0.609455844737786,2,0.274509803921569,0.23448275862069,0.331034482758621,0.605544286680189,0.588151073529344,0.26712079717459,0.258699246770148,97.9019067667465,96.3017287134301,88.8283951406036,92.030049997683,70.1899039955416,83.0004021073149,86.7525223024204,93.7714628790088
"Anthony Gomez",141,130,8,0.269410719490096,0.230668549600796,0.316581015589624,0.212765957446809,0.0567375886524823,30,26,22,4,0,0,1.5497578242579,22.4001037964112,5.55475254909482,0.482297278339555,1,0.24113475177305,0.2,0.230769230769231,0.47190398254228,0.58599173507972,0.217994687423226,0.25826569600321,101.250294218202,98.4000888427566,86.6645364734939,91.6921707785084,99.3437124081208,90.0642661164481,70.7978906267338,93.6143124807926
"Zade Richardson",200,187,11,0.250579665624428,0.209176112967303,0.351406197090868,0.31,0.055,62,44,26,7,0,11,5.72012833174865,24.7231560525123,7.90865674538857,0.763991995236108,1,0.275,0.235294117647059,0.449197860962567,0.724197860962567,0.601985862715296,0.299743527134406,0.257705235518237,91.8163443521565,91.5221985461437,96.1979830915403,94.1948277185675,144.743788978632,87.3060479666319,97.3473697959122,93.411160750674
"Jawuan Harris",228,206,21,0.258474079697401,0.184136360053434,0.314019206535632,0.37719298245614,0.0921052631578947,86,36,21,8,2,5,5.66963234625954,23.327780547124,8.12238521869373,0.812292058930172,0,0.25,0.174757281553398,0.305825242718447,0.555825242718447,0.572493286233033,0.248505623354665,0.256225782107077,80.8253256195728,94.4055695107894,85.9632373327847,89.5800214036934,176.117230505976,146.206300422589,80.7068931374215,92.8748990013341
"Matt Mcdermott",226,220,6,0.252856447334447,0.232479804989023,0.344398328101477,0.221238938053097,0.0265486725663717,50,60,39,12,2,7,4.1637834779416,35.7967867317199,10.2392491249322,0.945737762991424,2,0.292035398230089,0.272727272727273,0.440909090909091,0.732944489139179,0.597254775435924,0.306509167906931,0.25553211046797,102.045331692013,92.3537746726076,94.2795682538677,93.4545379895165,103.299877946497,42.1429032823645,99.5446393766295,92.6234618395764
"Christian Fedko",175,160,12,0.267299884110198,0.217359248245529,0.304070267195929,0.171428571428571,0.0685714285714286,30,41,30,8,1,2,1.69205278691511,24.9471459661955,7.47895726102943,0.659323705144626,1,0.302857142857143,0.25625,0.35625,0.659107142857143,0.571370151306128,0.290406817634068,0.255231294779399,95.4082724931263,97.6291232727619,83.2396999953599,89.4042805640874,80.0426482831145,108.849098763593,94.3150971023344,92.5144243084415
"Jomar Reyes",246,242,2,0.237092646435359,0.232747070343382,0.375087056813598,0.191056910569106,0.00813008130081301,47,58,36,18,1,3,6.61863125236735,36.2528044394031,12.3163276939656,1.13702763736235,0,0.24390243902439,0.239669421487603,0.359504132231405,0.603406571255795,0.612179703248958,0.252659729698758,0.252710027101592,102.162645889418,86.596173743047,102.68065460405,95.7898935038796,89.2074230526581,12.9055503276618,82.0560176049821,91.6005331340014
"Harrison Dinicola",240,224,14,0.262315205802415,0.218552006216873,0.304438028379246,0.158333333333333,0.0583333333333333,38,42,33,6,0,3,2.57157075116075,35.7077187024278,9.8289631670928,0.847396771898289,2,0.233333333333333,0.1875,0.254464285714286,0.487797619047619,0.566753234181661,0.221016556976693,0.252087428667029,95.9318249918899,95.8085097898731,83.3403751809068,88.6818554374101,73.9282793170432,92.5973236009732,71.779299819148,91.3748580818936
"Eric Rivera",307,281,25,0.276098804409227,0.212677341472002,0.261908624818787,0.166123778501629,0.0814332247557003,51,67,53,8,2,4,1.00524124826174,48.6616786465078,9.37255924206462,0.722853816798371,4,0.299674267100977,0.238434163701068,0.323843416370107,0.623517683471084,0.538007429228013,0.281844283553066,0.251425547021234,93.3531833223562,100.842857829365,71.6978860089118,84.1838990684231,77.565758515396,129.265691392703,91.5342524931373,91.134943930794
"Will Prater",185,167,13,0.27424599102242,0.225961127779327,0.27756947075699,0.162162162162162,0.0702702702702703,30,43,37,4,1,1,0.678005853754545,30.9101251132321,5.710179028316,0.437198343845035,3,0.302702702702703,0.25748502994012,0.311377245508982,0.614079948211685,0.55181546177941,0.276874789929025,0.251375997720888,99.1840054013787,100.166132707901,75.9850665004184,86.3444900853691,75.7160186461894,111.545810669898,89.9203156113542,91.1169836528416
"Josh Rego",163,157,5,0.244407763976646,0.221901054319703,0.346533561234795,0.269938650306748,0.0306748466257669,44,36,27,5,0,4,3.60295257407882,23.1494611092474,7.41365782630118,0.672394018565907,1,0.251533742331288,0.229299363057325,0.337579617834395,0.589113360165683,0.590941325211441,0.252646574446461,0.250911321688893,97.4018654735647,89.2679613293768,94.8640915848616,92.4666504110234,126.038525926377,48.6927205614233,82.0517451884186,90.9485511899373
"John Tuccillo",180,162,14,0.265851774062655,0.208971106983196,0.287447455910169,0.205555555555556,0.0777777777777778,37,32,21,9,0,2,1.69455265552091,25.0943138782516,6.49939503540378,0.56505776210151,1,0.255555555555556,0.197530864197531,0.290123456790123,0.545679012345679,0.553299229972823,0.245533553572336,0.250347147024352,91.7263584557559,97.1002127765423,78.6891800209271,86.5766604701062,95.9770643765123,123.463098134631,79.7416573609375,90.7440531704269
"Tyler Depreta-johnson",261,248,11,0.263203592747941,0.232645716561342,0.29744358835282,0.14176245210728,0.0421455938697318,37,46,33,12,0,1,1.29156828482645,45.0398068962953,10.5343577023747,0.830404823716282,1,0.218390804597701,0.185483870967742,0.245967741935484,0.464358546533185,0.560647181100761,0.208264923855656,0.248996928760077,102.118157378655,96.1329859448383,81.4256365423535,87.7264200133928,66.1910788803533,66.9011861813271,67.6379662036975,90.2546356578993
"Victor Cerny",154,147,6,0.257642190199499,0.229094539392672,0.304309782285853,0.175324675324675,0.038961038961039,27,46,32,14,0,0,1.28823051632831,25.7041165071968,6.17715137808257,0.507398889115055,0,0.337662337662338,0.312925170068027,0.408163265306122,0.74582560296846,0.561951972485352,0.32567749204345,0.24740894997126,100.559393803079,94.1017285921507,83.3052676169937,87.9305852725665,81.861799380458,61.8460788429506,105.769914550792,89.6790364015918
"Paul Coumoulous",236,222,10,0.260591534476277,0.23198018980361,0.297976398754086,0.182203389830508,0.0423728813559322,43,55,38,12,2,3,1.67411156221288,40.8669850743012,8.28818729940771,0.670318200479649,2,0.275423728813559,0.247747747747748,0.36036036036036,0.63578408917392,0.558567933230363,0.272825248352923,0.246729928534806,101.826029214035,95.1789527627858,81.5714942033632,87.4010728465127,85.0735774478018,67.261978402644,88.6051505264516,89.4329095410872
"Austin Davis",128,121,4,0.25857043697021,0.240471206051131,0.304485084357047,0.1484375,0.03125,19,32,23,7,1,1,0.686712018490479,23.1114756085771,4.91211339069435,0.386714914424995,3,0.28125,0.264462809917355,0.363636363636364,0.644886363636364,0.563055521327257,0.275645178903747,0.245642895131383,105.553099483306,94.4407632262547,83.3532568266895,88.1032614091346,69.307761859728,49.6057090719499,89.5209762150137,89.0388894049252
"Jaxon Hallmark",292,273,18,0.249890313566967,0.201347881177855,0.302174920030421,0.253424657534247,0.0616438356164384,74,61,45,8,1,7,4.45443130725559,37.4462690544937,11.9720547146269,1.09521648517831,3,0.270547945205479,0.223443223443223,0.336996336996337,0.607544282201816,0.552065233597388,0.266598409370123,0.244879120542289,88.3801985348721,91.270418276129,82.7208458143874,86.3835727529542,118.327887587481,97.8523576213807,86.5828669998874,88.7620418244884
"Jake Boone",306,287,15,0.252932209814804,0.217412042520314,0.301444072906729,0.199346405228758,0.0490196078431373,61,56,42,12,1,1,3.47429113653528,46.2537649121884,11.6440809979172,1.0251191566891,6,0.23202614379085,0.195121951219512,0.254355400696864,0.486381544487714,0.554376282721533,0.21870095788532,0.244239559309272,95.4314461588219,92.3814463065061,82.5207752981888,86.7451906705513,93.0779161680008,77.8128769756078,71.0272652941593,88.5302182178506
"Clint Freeman",277,265,8,0.236046624772797,0.216546849290811,0.332275630488615,0.191335740072202,0.0288808664259928,53,62,40,10,1,11,5.68972038742603,39.1768639165947,11.4376956609481,1.08063509709603,4,0.252707581227437,0.233962264150943,0.40377358490566,0.656481166133097,0.568322255261413,0.271023801378148,0.240799681257406,95.0516758381849,86.2141227811463,90.9609612695853,88.927365638642,89.3376128551007,45.8449874455566,88.0200966088652,87.2833556889641
"Jarrod Watking",269,250,15,0.251498761666278,0.210612667552916,0.285447091270178,0.182156133828996,0.0557620817843866,49,56,34,18,0,4,2.24453721039282,39.3055758121728,10.2311134331893,0.871940432473949,0,0.263940520446097,0.224,0.344,0.607940520446097,0.536945852936457,0.263999365207605,0.239516051607794,92.4469096143282,91.8578909504558,78.1415771459414,84.017790523212,85.05151289067,88.515763399762,85.7387783364109,86.8180747438443
"Ethan Skender",251,239,9,0.244146707101043,0.218748215407371,0.30677107971344,0.171314741035857,0.0358565737051793,43,63,44,11,3,5,2.98071606714215,38.0982595514195,10.3083793598761,0.893468503923931,1,0.286852589641434,0.263598326359833,0.397489539748954,0.684342129390388,0.550917786814482,0.289651847634745,0.239291495157504,96.0179495992566,89.1726124145266,83.9790515464815,86.2040277524379,79.9894991142678,56.9181044331537,94.0699063407136,86.7366791189808
"George Callil",212,199,9,0.238405735359966,0.20875384872519,0.309107637704206,0.297169811320755,0.0424528301886792,63,42,25,10,2,5,3.3582075188495,29.0611130253016,8.34960925404766,0.773086098113983,1,0.240566037735849,0.21105527638191,0.35678391959799,0.597349957333839,0.547513373064172,0.250832914187093,0.236567704173564,91.6309945121989,87.0757688648903,84.618687864648,85.6713272580329,138.753175679456,67.3888877958565,81.4627247760657,85.7493787370524
"Willie Escala",283,262,15,0.24970071324725,0.21246298415638,0.277571953069403,0.204946996466431,0.0530035335689046,58,68,54,10,1,3,2.05740599536222,43.4798651452629,9.3697295475677,0.75830116077884,1,0.293286219081272,0.259541984732824,0.33969465648855,0.632980875569822,0.527272666316653,0.278325879359648,0.235382538113617,93.2590927265118,91.2011682910499,75.9857460372323,82.5041932718877,95.6929187365857,84.1368917121412,90.3915843014918,85.3197881735573
"Austin Dennis",127,120,3,0.243934209304382,0.233163704847137,0.302857216574053,0.141732283464567,0.0236220472440945,18,22,17,5,0,0,0.797616891675022,21.6339693419261,5.12574596390583,0.422312384149501,2,0.196850393700787,0.183333333333333,0.225,0.421850393700787,0.546791425878435,0.185434379083575,0.234991680928643,102.345524596376,89.0949993109727,82.9076255351526,85.5583616636656,66.1769926750159,37.4972289047811,60.2233157329524,85.1781130412584
"Quentin Holmes",223,208,13,0.245847121106854,0.20107648080206,0.276934821412305,0.269058295964126,0.0582959641255605,60,42,27,6,5,4,2.28099458111027,31.2616102494894,7.62705524885715,0.65424792737157,1,0.246636771300448,0.201923076923077,0.336538461538462,0.58317523283891,0.522781942519159,0.249670582049429,0.234538841978993,88.2610692996651,89.7936748932504,75.8113302731279,81.8015140552552,125.627474883812,92.5380043674044,81.0852354687482,85.0139711997671
"Jc Santini",132,121,6,0.239163182330068,0.211318512955115,0.303684942070127,0.25,0.0454545454545455,33,23,13,5,0,5,1.7400588137793,18.3324236497901,5.03795372642056,0.459103877578978,1,0.21969696969697,0.190082644628099,0.355371900826446,0.575068870523416,0.542848124400194,0.237032964012587,0.234080222872142,92.7567353568014,87.3524202516381,83.1342166537354,84.9413395267838,116.728862079542,72.153758650109,76.9809304045714,84.8477342080068
"Jordan Scott",202,185,14,0.233006627553997,0.178742371707608,0.294051027230678,0.301980198019802,0.0693069306930693,61,33,23,4,0,6,4.53313981838099,21.4239219540822,6.48787217026361,0.622404823180671,1,0.232673267326733,0.178378378378378,0.297297297297297,0.52997056462403,0.527057654784675,0.233075190361805,0.232337684506448,78.457673384495,85.1037883557834,80.4969177543337,82.4705496675,140.999219541625,110.016622100166,75.6955686860564,84.2161112956328
"Nick Gotta",132,118,9,0.248406811618536,0.201607619776667,0.262467176460756,0.196969696969697,0.0681818181818182,26,27,17,9,1,0,0.828675851475576,18.5984954241905,4.02965558166565,0.332872276315013,0,0.272727272727273,0.228813559322034,0.322033898305085,0.594761171032357,0.510873988079292,0.261457178271144,0.230891030242621,88.4942089172803,90.7285811740258,71.8507903738736,79.9382348880593,91.9681943656997,108.230637975164,84.9131551305993,83.6917383479228
"Matt Morgan",164,153,9,0.224435477373768,0.181747831956196,0.299159550094467,0.426829268292683,0.0548780487804878,70,24,17,3,0,4,3.79953078780241,17.9735521484758,5.50327019429139,0.531065158728414,1,0.201219512195122,0.156862745098039,0.254901960784314,0.456121472979436,0.523595027468235,0.201292050979353,0.227364794354787,79.7768984585561,81.9732449950165,81.8953836896014,81.9287402933488,199.293179160194,87.112464711717,65.3733940845972,82.4135734449055
"Sean Cheely",223,208,14,0.240486602745153,0.190521694289275,0.252675153581675,0.309417040358744,0.062780269058296,69,39,25,11,1,2,1.55937603279319,30.4058197922313,7.07684173984972,0.586474847294988,1,0.237668161434978,0.1875,0.278846153846154,0.516514315281131,0.493161756326829,0.231263115234162,0.2254678874275,83.6281219746864,87.8357888669154,69.1702091571738,77.1667402039331,144.471596116384,99.6563123956663,75.1070630751596,81.7259961143265
"Troy Viola",206,192,6,0.218953085005402,0.203668414120379,0.314455180254481,0.271844660194175,0.029126213592233,56,38,23,8,2,5,3.75699523991925,26.1305265273632,8.43355410967094,0.783259634159444,0,0.213592233009709,0.197916666666667,0.338541666666667,0.552133899676375,0.533408265259883,0.226272047606045,0.223324946954766,89.3987797137116,79.9708454723133,86.082585804102,83.4642518400423,126.928471387463,46.2344472903611,73.4861196282211,80.9492382941946
"Lane Hoover",135,129,5,0.241750740537549,0.214235271105187,0.246206278727192,0.140740740740741,0.037037037037037,19,30,24,6,0,0,0.146426417149223,24.0233941678835,3.2480780432817,0.218451344254626,2,0.259259259259259,0.232558139534884,0.27906976744186,0.53832902670112,0.48795701926474,0.241262219969904,0.220971977547383,94.0370252852254,88.2975049831731,67.3993447870385,76.3523368412486,65.714026059594,58.7919514926814,78.3544611279018,80.0963506797369
"Bryan Rosario",156,143,10,0.24121646637179,0.193215166111883,0.233504895200428,0.262820512820513,0.0641025641025641,41,29,24,4,1,0,0.441189725928471,23.0346717334312,3.8699525074027,0.283954787236921,3,0.25,0.202797202797203,0.244755244755245,0.494755244755245,0.474721361572219,0.227507517134728,0.219636854824807,84.8104019819933,88.1023656602965,63.9223216501051,74.2813073149645,122.714957570801,101.75530066041,73.887361684155,79.6124048917918
"Jr Disarcina",233,227,5,0.223932379964952,0.207824865779003,0.281871503392582,0.253218884120172,0.0214592274678112,59,53,42,7,0,4,2.3304051021687,35.7562678491489,8.36177172925598,0.727799851260115,3,0.248927038626609,0.233480176211454,0.317180616740088,0.566107655366698,0.505803883357533,0.244455856075041,0.219209112076685,91.2232241560412,81.7894927307494,77.1627545041131,79.1448979172757,118.231808801596,34.0640062296652,79.3916547510386,79.4573597429247
"Zach Huffins",129,126,1,0.215501742034991,0.21269622795646,0.295463543895249,0.294573643410853,0.00775193798449612,38,27,20,5,0,2,1.41146922057485,19.6397169937656,5.30280286978391,0.445735638389514,1,0.217054263565891,0.214285714285714,0.301587301587302,0.518641565153193,0.51096528593024,0.218750833430565,0.215770306503161,93.3614734083319,78.7102703342564,80.8835963483365,79.9525205812522,137.540984775894,12.3052921728868,71.0434633191614,78.2108859583591
"Eric Jenkins",226,215,9,0.208718621659773,0.177536783698181,0.268448033503656,0.34070796460177,0.0398230088495575,77,34,23,8,1,2,3.50565915248283,26.3313034055525,7.63795062341821,0.695495313655293,3,0.190265486725664,0.158139534883721,0.232558139534884,0.422823626260547,0.47716665516343,0.186819479235089,0.208035842127252,77.9284892331588,76.2327904150615,73.4880591228283,74.6639309325798,159.081812037606,63.2143549235468,60.6731531587774,75.4073523255033
"Alex Hernandez",182,174,7,0.186911361376637,0.155275102129586,0.196143700073916,0.346153846153846,0.0384615384615385,63,31,21,7,0,3,0.705259114389599,21.6706011943883,4.28865622439572,0.353351237374412,1,0.208791208791209,0.17816091954023,0.270114942528736,0.478906151319944,0.383055061450553,0.209041003577507,0.174492660136672,68.1568848574736,68.2678647679341,53.6946374293552,59.9379615948302,161.624578263981,61.0531803962461,67.8900127462749,63.2488583053481
